theta,true-positive,false-alarm,miss-detection,true-negative,p-miss,p-fa
0,34,70,0,0,0,1
0.001,34,59,0,11,0,0.842857143
0.002,34,58,0,12,0,0.828571429
0.003,34,58,0,12,0,0.828571429
0.004,34,57,0,13,0,0.814285714
0.005,34,56,0,14,0,0.8
0.006,34,56,0,14,0,0.8
0.007,34,56,0,14,0,0.8
0.008,34,55,0,15,0,0.785714286
0.009,34,55,0,15,0,0.785714286
0.01,34,53,0,17,0,0.757142857
0.011,34,53,0,17,0,0.757142857
0.012,34,53,0,17,0,0.757142857
0.013,34,53,0,17,0,0.757142857
0.014,34,53,0,17,0,0.757142857
0.015,34,52,0,18,0,0.742857143
0.016,34,51,0,19,0,0.728571429
0.017,34,51,0,19,0,0.728571429
0.018,34,49,0,21,0,0.7
0.019,34,48,0,22,0,0.685714286
0.02,34,48,0,22,0,0.685714286
0.021,34,48,0,22,0,0.685714286
0.022,34,48,0,22,0,0.685714286
0.023,34,48,0,22,0,0.685714286
0.024,34,48,0,22,0,0.685714286
0.025,34,48,0,22,0,0.685714286
0.026,34,47,0,23,0,0.671428571
0.027,34,47,0,23,0,0.671428571
0.028,34,47,0,23,0,0.671428571
0.029,34,47,0,23,0,0.671428571
0.03,34,47,0,23,0,0.671428571
0.031,34,46,0,24,0,0.657142857
0.032,34,46,0,24,0,0.657142857
0.033,34,46,0,24,0,0.657142857
0.034,34,46,0,24,0,0.657142857
0.035,34,46,0,24,0,0.657142857
0.036,34,46,0,24,0,0.657142857
0.037,34,45,0,25,0,0.642857143
0.038,34,45,0,25,0,0.642857143
0.039,34,45,0,25,0,0.642857143
0.04,34,45,0,25,0,0.642857143
0.041,34,44,0,26,0,0.628571429
0.042,34,44,0,26,0,0.628571429
0.043,34,44,0,26,0,0.628571429
0.044,34,43,0,27,0,0.614285714
0.045,34,43,0,27,0,0.614285714
0.046,34,43,0,27,0,0.614285714
0.047,34,43,0,27,0,0.614285714
0.048,34,42,0,28,0,0.6
0.049,34,41,0,29,0,0.585714286
0.05,34,41,0,29,0,0.585714286
0.051,34,41,0,29,0,0.585714286
0.052,34,40,0,30,0,0.571428571
0.053,34,40,0,30,0,0.571428571
0.054,34,40,0,30,0,0.571428571
0.055,34,40,0,30,0,0.571428571
0.056,34,40,0,30,0,0.571428571
0.057,34,40,0,30,0,0.571428571
0.058,34,40,0,30,0,0.571428571
0.059,34,40,0,30,0,0.571428571
0.06,34,39,0,31,0,0.557142857
0.061,34,39,0,31,0,0.557142857
0.062,34,39,0,31,0,0.557142857
0.063,34,39,0,31,0,0.557142857
0.064,34,39,0,31,0,0.557142857
0.065,34,39,0,31,0,0.557142857
0.066,34,39,0,31,0,0.557142857
0.067,34,39,0,31,0,0.557142857
0.068,34,39,0,31,0,0.557142857
0.069,34,39,0,31,0,0.557142857
0.07,34,39,0,31,0,0.557142857
0.071,34,39,0,31,0,0.557142857
0.072,34,39,0,31,0,0.557142857
0.073,34,39,0,31,0,0.557142857
0.074,34,39,0,31,0,0.557142857
0.075,34,38,0,32,0,0.542857143
0.076,34,38,0,32,0,0.542857143
0.077,34,37,0,33,0,0.528571429
0.078,34,37,0,33,0,0.528571429
0.079,34,37,0,33,0,0.528571429
0.08,34,37,0,33,0,0.528571429
0.081,34,37,0,33,0,0.528571429
0.082,34,37,0,33,0,0.528571429
0.083,34,36,0,34,0,0.514285714
0.084,34,36,0,34,0,0.514285714
0.085,34,36,0,34,0,0.514285714
0.086,34,35,0,35,0,0.5
0.087,34,35,0,35,0,0.5
0.088,34,35,0,35,0,0.5
0.089,34,35,0,35,0,0.5
0.09,34,35,0,35,0,0.5
0.091,34,35,0,35,0,0.5
0.092,34,35,0,35,0,0.5
0.093,34,35,0,35,0,0.5
0.094,34,34,0,36,0,0.485714286
0.095,34,34,0,36,0,0.485714286
0.096,34,34,0,36,0,0.485714286
0.097,34,34,0,36,0,0.485714286
0.098,34,34,0,36,0,0.485714286
0.099,34,32,0,38,0,0.457142857
0.1,34,32,0,38,0,0.457142857
0.101,34,32,0,38,0,0.457142857
0.102,34,32,0,38,0,0.457142857
0.103,34,32,0,38,0,0.457142857
0.104,34,32,0,38,0,0.457142857
0.105,34,32,0,38,0,0.457142857
0.106,34,32,0,38,0,0.457142857
0.107,34,32,0,38,0,0.457142857
0.108,34,32,0,38,0,0.457142857
0.109,34,32,0,38,0,0.457142857
0.11,34,31,0,39,0,0.442857143
0.111,34,31,0,39,0,0.442857143
0.112,34,31,0,39,0,0.442857143
0.113,34,31,0,39,0,0.442857143
0.114,34,30,0,40,0,0.428571429
0.115,34,30,0,40,0,0.428571429
0.116,34,30,0,40,0,0.428571429
0.117,34,30,0,40,0,0.428571429
0.118,34,30,0,40,0,0.428571429
0.119,34,30,0,40,0,0.428571429
0.12,34,30,0,40,0,0.428571429
0.121,34,30,0,40,0,0.428571429
0.122,34,30,0,40,0,0.428571429
0.123,34,30,0,40,0,0.428571429
0.124,34,30,0,40,0,0.428571429
0.125,34,30,0,40,0,0.428571429
0.126,34,30,0,40,0,0.428571429
0.127,34,30,0,40,0,0.428571429
0.128,34,30,0,40,0,0.428571429
0.129,34,30,0,40,0,0.428571429
0.13,34,30,0,40,0,0.428571429
0.131,34,30,0,40,0,0.428571429
0.132,34,30,0,40,0,0.428571429
0.133,34,30,0,40,0,0.428571429
0.134,34,30,0,40,0,0.428571429
0.135,34,30,0,40,0,0.428571429
0.136,34,30,0,40,0,0.428571429
0.137,34,30,0,40,0,0.428571429
0.138,34,30,0,40,0,0.428571429
0.139,34,30,0,40,0,0.428571429
0.14,34,30,0,40,0,0.428571429
0.141,34,30,0,40,0,0.428571429
0.142,34,30,0,40,0,0.428571429
0.143,34,30,0,40,0,0.428571429
0.144,34,30,0,40,0,0.428571429
0.145,34,30,0,40,0,0.428571429
0.146,34,30,0,40,0,0.428571429
0.147,34,29,0,41,0,0.414285714
0.148,34,29,0,41,0,0.414285714
0.149,34,29,0,41,0,0.414285714
0.15,34,29,0,41,0,0.414285714
0.151,34,29,0,41,0,0.414285714
0.152,34,29,0,41,0,0.414285714
0.153,34,29,0,41,0,0.414285714
0.154,34,29,0,41,0,0.414285714
0.155,34,29,0,41,0,0.414285714
0.156,34,29,0,41,0,0.414285714
0.157,34,29,0,41,0,0.414285714
0.158,34,29,0,41,0,0.414285714
0.159,34,29,0,41,0,0.414285714
0.16,34,29,0,41,0,0.414285714
0.161,34,29,0,41,0,0.414285714
0.162,34,29,0,41,0,0.414285714
0.163,34,29,0,41,0,0.414285714
0.164,34,29,0,41,0,0.414285714
0.165,34,28,0,42,0,0.4
0.166,34,28,0,42,0,0.4
0.167,34,28,0,42,0,0.4
0.168,34,28,0,42,0,0.4
0.169,34,28,0,42,0,0.4
0.17,34,28,0,42,0,0.4
0.171,34,28,0,42,0,0.4
0.172,34,28,0,42,0,0.4
0.173,34,28,0,42,0,0.4
0.174,34,28,0,42,0,0.4
0.175,34,28,0,42,0,0.4
0.176,34,28,0,42,0,0.4
0.177,34,28,0,42,0,0.4
0.178,34,28,0,42,0,0.4
0.179,34,28,0,42,0,0.4
0.18,34,28,0,42,0,0.4
0.181,34,28,0,42,0,0.4
0.182,34,28,0,42,0,0.4
0.183,34,28,0,42,0,0.4
0.184,34,28,0,42,0,0.4
0.185,34,28,0,42,0,0.4
0.186,34,28,0,42,0,0.4
0.187,34,28,0,42,0,0.4
0.188,34,28,0,42,0,0.4
0.189,34,28,0,42,0,0.4
0.19,34,28,0,42,0,0.4
0.191,34,28,0,42,0,0.4
0.192,34,28,0,42,0,0.4
0.193,34,28,0,42,0,0.4
0.194,34,28,0,42,0,0.4
0.195,34,28,0,42,0,0.4
0.196,34,28,0,42,0,0.4
0.197,34,28,0,42,0,0.4
0.198,34,28,0,42,0,0.4
0.199,34,28,0,42,0,0.4
0.2,34,28,0,42,0,0.4
0.201,34,28,0,42,0,0.4
0.202,34,28,0,42,0,0.4
0.203,34,28,0,42,0,0.4
0.204,34,28,0,42,0,0.4
0.205,34,28,0,42,0,0.4
0.206,34,28,0,42,0,0.4
0.207,34,28,0,42,0,0.4
0.208,34,28,0,42,0,0.4
0.209,34,28,0,42,0,0.4
0.21,34,28,0,42,0,0.4
0.211,34,28,0,42,0,0.4
0.212,34,28,0,42,0,0.4
0.213,34,28,0,42,0,0.4
0.214,34,28,0,42,0,0.4
0.215,34,28,0,42,0,0.4
0.216,34,28,0,42,0,0.4
0.217,34,28,0,42,0,0.4
0.218,34,28,0,42,0,0.4
0.219,34,28,0,42,0,0.4
0.22,34,28,0,42,0,0.4
0.221,34,28,0,42,0,0.4
0.222,34,28,0,42,0,0.4
0.223,34,28,0,42,0,0.4
0.224,34,28,0,42,0,0.4
0.225,34,28,0,42,0,0.4
0.226,34,28,0,42,0,0.4
0.227,34,28,0,42,0,0.4
0.228,34,28,0,42,0,0.4
0.229,34,28,0,42,0,0.4
0.23,34,28,0,42,0,0.4
0.231,34,27,0,43,0,0.385714286
0.232,34,27,0,43,0,0.385714286
0.233,34,27,0,43,0,0.385714286
0.234,34,27,0,43,0,0.385714286
0.235,34,27,0,43,0,0.385714286
0.236,34,27,0,43,0,0.385714286
0.237,34,27,0,43,0,0.385714286
0.238,34,27,0,43,0,0.385714286
0.239,34,27,0,43,0,0.385714286
0.24,34,27,0,43,0,0.385714286
0.241,34,27,0,43,0,0.385714286
0.242,34,27,0,43,0,0.385714286
0.243,34,27,0,43,0,0.385714286
0.244,34,27,0,43,0,0.385714286
0.245,34,27,0,43,0,0.385714286
0.246,34,27,0,43,0,0.385714286
0.247,34,27,0,43,0,0.385714286
0.248,34,27,0,43,0,0.385714286
0.249,34,27,0,43,0,0.385714286
0.25,34,27,0,43,0,0.385714286
0.251,34,27,0,43,0,0.385714286
0.252,34,27,0,43,0,0.385714286
0.253,34,27,0,43,0,0.385714286
0.254,34,27,0,43,0,0.385714286
0.255,34,27,0,43,0,0.385714286
0.256,34,27,0,43,0,0.385714286
0.257,34,27,0,43,0,0.385714286
0.258,34,27,0,43,0,0.385714286
0.259,34,27,0,43,0,0.385714286
0.26,34,27,0,43,0,0.385714286
0.261,34,27,0,43,0,0.385714286
0.262,34,27,0,43,0,0.385714286
0.263,34,27,0,43,0,0.385714286
0.264,34,27,0,43,0,0.385714286
0.265,34,27,0,43,0,0.385714286
0.266,34,27,0,43,0,0.385714286
0.267,34,27,0,43,0,0.385714286
0.268,34,27,0,43,0,0.385714286
0.269,34,27,0,43,0,0.385714286
0.27,34,27,0,43,0,0.385714286
0.271,34,27,0,43,0,0.385714286
0.272,34,27,0,43,0,0.385714286
0.273,34,27,0,43,0,0.385714286
0.274,34,27,0,43,0,0.385714286
0.275,34,27,0,43,0,0.385714286
0.276,34,27,0,43,0,0.385714286
0.277,34,27,0,43,0,0.385714286
0.278,34,27,0,43,0,0.385714286
0.279,34,27,0,43,0,0.385714286
0.28,34,27,0,43,0,0.385714286
0.281,34,27,0,43,0,0.385714286
0.282,34,27,0,43,0,0.385714286
0.283,34,27,0,43,0,0.385714286
0.284,34,26,0,44,0,0.371428571
0.285,34,26,0,44,0,0.371428571
0.286,34,26,0,44,0,0.371428571
0.287,34,26,0,44,0,0.371428571
0.288,34,26,0,44,0,0.371428571
0.289,34,26,0,44,0,0.371428571
0.29,34,26,0,44,0,0.371428571
0.291,34,26,0,44,0,0.371428571
0.292,34,26,0,44,0,0.371428571
0.293,34,26,0,44,0,0.371428571
0.294,34,26,0,44,0,0.371428571
0.295,34,26,0,44,0,0.371428571
0.296,34,26,0,44,0,0.371428571
0.297,34,26,0,44,0,0.371428571
0.298,34,26,0,44,0,0.371428571
0.299,34,26,0,44,0,0.371428571
0.3,34,26,0,44,0,0.371428571
0.301,34,26,0,44,0,0.371428571
0.302,34,26,0,44,0,0.371428571
0.303,34,26,0,44,0,0.371428571
0.304,34,26,0,44,0,0.371428571
0.305,34,26,0,44,0,0.371428571
0.306,34,26,0,44,0,0.371428571
0.307,34,26,0,44,0,0.371428571
0.308,34,26,0,44,0,0.371428571
0.309,34,26,0,44,0,0.371428571
0.31,34,26,0,44,0,0.371428571
0.311,34,26,0,44,0,0.371428571
0.312,34,26,0,44,0,0.371428571
0.313,34,26,0,44,0,0.371428571
0.314,34,26,0,44,0,0.371428571
0.315,34,26,0,44,0,0.371428571
0.316,34,26,0,44,0,0.371428571
0.317,34,26,0,44,0,0.371428571
0.318,34,26,0,44,0,0.371428571
0.319,34,26,0,44,0,0.371428571
0.32,34,26,0,44,0,0.371428571
0.321,34,26,0,44,0,0.371428571
0.322,34,26,0,44,0,0.371428571
0.323,34,26,0,44,0,0.371428571
0.324,34,26,0,44,0,0.371428571
0.325,34,26,0,44,0,0.371428571
0.326,34,26,0,44,0,0.371428571
0.327,34,26,0,44,0,0.371428571
0.328,34,26,0,44,0,0.371428571
0.329,34,26,0,44,0,0.371428571
0.33,34,26,0,44,0,0.371428571
0.331,34,26,0,44,0,0.371428571
0.332,34,26,0,44,0,0.371428571
0.333,34,26,0,44,0,0.371428571
0.334,34,26,0,44,0,0.371428571
0.335,34,26,0,44,0,0.371428571
0.336,34,26,0,44,0,0.371428571
0.337,34,26,0,44,0,0.371428571
0.338,34,26,0,44,0,0.371428571
0.339,34,26,0,44,0,0.371428571
0.34,34,26,0,44,0,0.371428571
0.341,34,26,0,44,0,0.371428571
0.342,34,26,0,44,0,0.371428571
0.343,34,26,0,44,0,0.371428571
0.344,34,26,0,44,0,0.371428571
0.345,34,26,0,44,0,0.371428571
0.346,34,26,0,44,0,0.371428571
0.347,34,26,0,44,0,0.371428571
0.348,34,26,0,44,0,0.371428571
0.349,34,26,0,44,0,0.371428571
0.35,34,26,0,44,0,0.371428571
0.351,34,26,0,44,0,0.371428571
0.352,34,26,0,44,0,0.371428571
0.353,34,26,0,44,0,0.371428571
0.354,34,26,0,44,0,0.371428571
0.355,34,26,0,44,0,0.371428571
0.356,34,26,0,44,0,0.371428571
0.357,34,26,0,44,0,0.371428571
0.358,34,26,0,44,0,0.371428571
0.359,33,26,1,44,0.029411765,0.371428571
0.36,33,26,1,44,0.029411765,0.371428571
0.361,33,26,1,44,0.029411765,0.371428571
0.362,33,26,1,44,0.029411765,0.371428571
0.363,33,26,1,44,0.029411765,0.371428571
0.364,33,26,1,44,0.029411765,0.371428571
0.365,33,26,1,44,0.029411765,0.371428571
0.366,33,26,1,44,0.029411765,0.371428571
0.367,33,26,1,44,0.029411765,0.371428571
0.368,33,26,1,44,0.029411765,0.371428571
0.369,33,26,1,44,0.029411765,0.371428571
0.37,33,26,1,44,0.029411765,0.371428571
0.371,33,26,1,44,0.029411765,0.371428571
0.372,33,26,1,44,0.029411765,0.371428571
0.373,33,26,1,44,0.029411765,0.371428571
0.374,33,26,1,44,0.029411765,0.371428571
0.375,33,26,1,44,0.029411765,0.371428571
0.376,33,26,1,44,0.029411765,0.371428571
0.377,33,26,1,44,0.029411765,0.371428571
0.378,33,26,1,44,0.029411765,0.371428571
0.379,33,26,1,44,0.029411765,0.371428571
0.38,33,26,1,44,0.029411765,0.371428571
0.381,33,26,1,44,0.029411765,0.371428571
0.382,33,26,1,44,0.029411765,0.371428571
0.383,33,26,1,44,0.029411765,0.371428571
0.384,33,26,1,44,0.029411765,0.371428571
0.385,33,26,1,44,0.029411765,0.371428571
0.386,33,26,1,44,0.029411765,0.371428571
0.387,33,26,1,44,0.029411765,0.371428571
0.388,33,26,1,44,0.029411765,0.371428571
0.389,33,26,1,44,0.029411765,0.371428571
0.39,33,26,1,44,0.029411765,0.371428571
0.391,33,26,1,44,0.029411765,0.371428571
0.392,33,26,1,44,0.029411765,0.371428571
0.393,33,26,1,44,0.029411765,0.371428571
0.394,33,26,1,44,0.029411765,0.371428571
0.395,33,26,1,44,0.029411765,0.371428571
0.396,33,25,1,45,0.029411765,0.357142857
0.397,33,24,1,46,0.029411765,0.342857143
0.398,33,24,1,46,0.029411765,0.342857143
0.399,33,24,1,46,0.029411765,0.342857143
0.4,33,24,1,46,0.029411765,0.342857143
0.401,33,24,1,46,0.029411765,0.342857143
0.402,33,24,1,46,0.029411765,0.342857143
0.403,33,24,1,46,0.029411765,0.342857143
0.404,33,24,1,46,0.029411765,0.342857143
0.405,33,24,1,46,0.029411765,0.342857143
0.406,33,24,1,46,0.029411765,0.342857143
0.407,33,24,1,46,0.029411765,0.342857143
0.408,33,24,1,46,0.029411765,0.342857143
0.409,33,23,1,47,0.029411765,0.328571429
0.41,33,23,1,47,0.029411765,0.328571429
0.411,33,23,1,47,0.029411765,0.328571429
0.412,33,23,1,47,0.029411765,0.328571429
0.413,33,23,1,47,0.029411765,0.328571429
0.414,33,23,1,47,0.029411765,0.328571429
0.415,33,23,1,47,0.029411765,0.328571429
0.416,33,23,1,47,0.029411765,0.328571429
0.417,33,23,1,47,0.029411765,0.328571429
0.418,32,23,2,47,0.058823529,0.328571429
0.419,32,23,2,47,0.058823529,0.328571429
0.42,32,22,2,48,0.058823529,0.314285714
0.421,32,22,2,48,0.058823529,0.314285714
0.422,32,22,2,48,0.058823529,0.314285714
0.423,32,22,2,48,0.058823529,0.314285714
0.424,32,22,2,48,0.058823529,0.314285714
0.425,32,22,2,48,0.058823529,0.314285714
0.426,32,22,2,48,0.058823529,0.314285714
0.427,32,22,2,48,0.058823529,0.314285714
0.428,32,22,2,48,0.058823529,0.314285714
0.429,32,22,2,48,0.058823529,0.314285714
0.43,32,22,2,48,0.058823529,0.314285714
0.431,32,22,2,48,0.058823529,0.314285714
0.432,32,22,2,48,0.058823529,0.314285714
0.433,32,22,2,48,0.058823529,0.314285714
0.434,32,22,2,48,0.058823529,0.314285714
0.435,32,22,2,48,0.058823529,0.314285714
0.436,31,22,3,48,0.088235294,0.314285714
0.437,31,22,3,48,0.088235294,0.314285714
0.438,31,22,3,48,0.088235294,0.314285714
0.439,31,22,3,48,0.088235294,0.314285714
0.44,31,21,3,49,0.088235294,0.3
0.441,31,21,3,49,0.088235294,0.3
0.442,31,21,3,49,0.088235294,0.3
0.443,31,21,3,49,0.088235294,0.3
0.444,31,21,3,49,0.088235294,0.3
0.445,31,21,3,49,0.088235294,0.3
0.446,31,21,3,49,0.088235294,0.3
0.447,31,21,3,49,0.088235294,0.3
0.448,31,21,3,49,0.088235294,0.3
0.449,31,21,3,49,0.088235294,0.3
0.45,31,21,3,49,0.088235294,0.3
0.451,31,21,3,49,0.088235294,0.3
0.452,31,21,3,49,0.088235294,0.3
0.453,31,21,3,49,0.088235294,0.3
0.454,31,21,3,49,0.088235294,0.3
0.455,31,21,3,49,0.088235294,0.3
0.456,31,21,3,49,0.088235294,0.3
0.457,31,21,3,49,0.088235294,0.3
0.458,31,21,3,49,0.088235294,0.3
0.459,31,21,3,49,0.088235294,0.3
0.46,31,21,3,49,0.088235294,0.3
0.461,31,21,3,49,0.088235294,0.3
0.462,31,21,3,49,0.088235294,0.3
0.463,31,21,3,49,0.088235294,0.3
0.464,31,21,3,49,0.088235294,0.3
0.465,31,21,3,49,0.088235294,0.3
0.466,31,21,3,49,0.088235294,0.3
0.467,31,21,3,49,0.088235294,0.3
0.468,31,21,3,49,0.088235294,0.3
0.469,31,21,3,49,0.088235294,0.3
0.47,31,21,3,49,0.088235294,0.3
0.471,31,21,3,49,0.088235294,0.3
0.472,31,21,3,49,0.088235294,0.3
0.473,31,21,3,49,0.088235294,0.3
0.474,31,21,3,49,0.088235294,0.3
0.475,31,21,3,49,0.088235294,0.3
0.476,31,21,3,49,0.088235294,0.3
0.477,31,21,3,49,0.088235294,0.3
0.478,31,20,3,50,0.088235294,0.285714286
0.479,31,20,3,50,0.088235294,0.285714286
0.48,31,20,3,50,0.088235294,0.285714286
0.481,31,20,3,50,0.088235294,0.285714286
0.482,31,20,3,50,0.088235294,0.285714286
0.483,31,20,3,50,0.088235294,0.285714286
0.484,31,20,3,50,0.088235294,0.285714286
0.485,31,20,3,50,0.088235294,0.285714286
0.486,31,20,3,50,0.088235294,0.285714286
0.487,31,20,3,50,0.088235294,0.285714286
0.488,31,20,3,50,0.088235294,0.285714286
0.489,31,20,3,50,0.088235294,0.285714286
0.49,31,20,3,50,0.088235294,0.285714286
0.491,31,20,3,50,0.088235294,0.285714286
0.492,31,20,3,50,0.088235294,0.285714286
0.493,31,20,3,50,0.088235294,0.285714286
0.494,31,20,3,50,0.088235294,0.285714286
0.495,31,20,3,50,0.088235294,0.285714286
0.496,30,20,4,50,0.117647059,0.285714286
0.497,30,20,4,50,0.117647059,0.285714286
0.498,30,20,4,50,0.117647059,0.285714286
0.499,30,20,4,50,0.117647059,0.285714286
0.5,30,20,4,50,0.117647059,0.285714286
0.501,30,20,4,50,0.117647059,0.285714286
0.502,30,20,4,50,0.117647059,0.285714286
0.503,30,20,4,50,0.117647059,0.285714286
0.504,30,20,4,50,0.117647059,0.285714286
0.505,30,19,4,51,0.117647059,0.271428571
0.506,30,19,4,51,0.117647059,0.271428571
0.507,30,19,4,51,0.117647059,0.271428571
0.508,30,19,4,51,0.117647059,0.271428571
0.509,30,19,4,51,0.117647059,0.271428571
0.51,30,19,4,51,0.117647059,0.271428571
0.511,30,19,4,51,0.117647059,0.271428571
0.512,30,19,4,51,0.117647059,0.271428571
0.513,30,19,4,51,0.117647059,0.271428571
0.514,30,19,4,51,0.117647059,0.271428571
0.515,30,19,4,51,0.117647059,0.271428571
0.516,30,19,4,51,0.117647059,0.271428571
0.517,30,19,4,51,0.117647059,0.271428571
0.518,30,19,4,51,0.117647059,0.271428571
0.519,30,19,4,51,0.117647059,0.271428571
0.52,30,18,4,52,0.117647059,0.257142857
0.521,30,18,4,52,0.117647059,0.257142857
0.522,30,18,4,52,0.117647059,0.257142857
0.523,30,18,4,52,0.117647059,0.257142857
0.524,30,18,4,52,0.117647059,0.257142857
0.525,30,18,4,52,0.117647059,0.257142857
0.526,30,18,4,52,0.117647059,0.257142857
0.527,30,18,4,52,0.117647059,0.257142857
0.528,30,18,4,52,0.117647059,0.257142857
0.529,30,18,4,52,0.117647059,0.257142857
0.53,30,18,4,52,0.117647059,0.257142857
0.531,30,18,4,52,0.117647059,0.257142857
0.532,30,18,4,52,0.117647059,0.257142857
0.533,30,18,4,52,0.117647059,0.257142857
0.534,30,18,4,52,0.117647059,0.257142857
0.535,30,18,4,52,0.117647059,0.257142857
0.536,30,18,4,52,0.117647059,0.257142857
0.537,30,18,4,52,0.117647059,0.257142857
0.538,30,18,4,52,0.117647059,0.257142857
0.539,30,18,4,52,0.117647059,0.257142857
0.54,30,18,4,52,0.117647059,0.257142857
0.541,30,18,4,52,0.117647059,0.257142857
0.542,30,18,4,52,0.117647059,0.257142857
0.543,30,18,4,52,0.117647059,0.257142857
0.544,30,18,4,52,0.117647059,0.257142857
0.545,30,18,4,52,0.117647059,0.257142857
0.546,30,18,4,52,0.117647059,0.257142857
0.547,29,18,5,52,0.147058824,0.257142857
0.548,29,18,5,52,0.147058824,0.257142857
0.549,29,18,5,52,0.147058824,0.257142857
0.55,29,18,5,52,0.147058824,0.257142857
0.551,29,18,5,52,0.147058824,0.257142857
0.552,29,18,5,52,0.147058824,0.257142857
0.553,29,18,5,52,0.147058824,0.257142857
0.554,29,18,5,52,0.147058824,0.257142857
0.555,29,18,5,52,0.147058824,0.257142857
0.556,29,18,5,52,0.147058824,0.257142857
0.557,29,18,5,52,0.147058824,0.257142857
0.558,29,18,5,52,0.147058824,0.257142857
0.559,29,18,5,52,0.147058824,0.257142857
0.56,29,18,5,52,0.147058824,0.257142857
0.561,29,18,5,52,0.147058824,0.257142857
0.562,29,18,5,52,0.147058824,0.257142857
0.563,29,18,5,52,0.147058824,0.257142857
0.564,29,18,5,52,0.147058824,0.257142857
0.565,29,18,5,52,0.147058824,0.257142857
0.566,29,18,5,52,0.147058824,0.257142857
0.567,29,18,5,52,0.147058824,0.257142857
0.568,29,18,5,52,0.147058824,0.257142857
0.569,29,18,5,52,0.147058824,0.257142857
0.57,29,18,5,52,0.147058824,0.257142857
0.571,29,18,5,52,0.147058824,0.257142857
0.572,29,18,5,52,0.147058824,0.257142857
0.573,29,18,5,52,0.147058824,0.257142857
0.574,29,18,5,52,0.147058824,0.257142857
0.575,29,18,5,52,0.147058824,0.257142857
0.576,29,18,5,52,0.147058824,0.257142857
0.577,29,18,5,52,0.147058824,0.257142857
0.578,29,18,5,52,0.147058824,0.257142857
0.579,29,18,5,52,0.147058824,0.257142857
0.58,29,18,5,52,0.147058824,0.257142857
0.581,29,18,5,52,0.147058824,0.257142857
0.582,29,18,5,52,0.147058824,0.257142857
0.583,29,18,5,52,0.147058824,0.257142857
0.584,29,18,5,52,0.147058824,0.257142857
0.585,29,18,5,52,0.147058824,0.257142857
0.586,29,18,5,52,0.147058824,0.257142857
0.587,29,18,5,52,0.147058824,0.257142857
0.588,29,18,5,52,0.147058824,0.257142857
0.589,29,18,5,52,0.147058824,0.257142857
0.59,29,18,5,52,0.147058824,0.257142857
0.591,29,18,5,52,0.147058824,0.257142857
0.592,29,18,5,52,0.147058824,0.257142857
0.593,29,18,5,52,0.147058824,0.257142857
0.594,29,18,5,52,0.147058824,0.257142857
0.595,29,18,5,52,0.147058824,0.257142857
0.596,29,18,5,52,0.147058824,0.257142857
0.597,29,18,5,52,0.147058824,0.257142857
0.598,29,18,5,52,0.147058824,0.257142857
0.599,29,18,5,52,0.147058824,0.257142857
0.6,28,18,6,52,0.176470588,0.257142857
0.601,27,18,7,52,0.205882353,0.257142857
0.602,27,18,7,52,0.205882353,0.257142857
0.603,27,17,7,53,0.205882353,0.242857143
0.604,27,17,7,53,0.205882353,0.242857143
0.605,27,17,7,53,0.205882353,0.242857143
0.606,27,17,7,53,0.205882353,0.242857143
0.607,27,17,7,53,0.205882353,0.242857143
0.608,26,17,8,53,0.235294118,0.242857143
0.609,26,17,8,53,0.235294118,0.242857143
0.61,26,17,8,53,0.235294118,0.242857143
0.611,26,15,8,55,0.235294118,0.214285714
0.612,26,15,8,55,0.235294118,0.214285714
0.613,26,15,8,55,0.235294118,0.214285714
0.614,26,15,8,55,0.235294118,0.214285714
0.615,26,15,8,55,0.235294118,0.214285714
0.616,26,14,8,56,0.235294118,0.2
0.617,26,14,8,56,0.235294118,0.2
0.618,26,14,8,56,0.235294118,0.2
0.619,26,14,8,56,0.235294118,0.2
0.62,26,13,8,57,0.235294118,0.185714286
0.621,26,13,8,57,0.235294118,0.185714286
0.622,26,13,8,57,0.235294118,0.185714286
0.623,26,13,8,57,0.235294118,0.185714286
0.624,26,13,8,57,0.235294118,0.185714286
0.625,26,13,8,57,0.235294118,0.185714286
0.626,26,13,8,57,0.235294118,0.185714286
0.627,26,13,8,57,0.235294118,0.185714286
0.628,26,13,8,57,0.235294118,0.185714286
0.629,26,13,8,57,0.235294118,0.185714286
0.63,26,13,8,57,0.235294118,0.185714286
0.631,26,12,8,58,0.235294118,0.171428571
0.632,26,12,8,58,0.235294118,0.171428571
0.633,26,12,8,58,0.235294118,0.171428571
0.634,26,12,8,58,0.235294118,0.171428571
0.635,26,12,8,58,0.235294118,0.171428571
0.636,26,12,8,58,0.235294118,0.171428571
0.637,25,12,9,58,0.264705882,0.171428571
0.638,25,12,9,58,0.264705882,0.171428571
0.639,24,12,10,58,0.294117647,0.171428571
0.64,24,12,10,58,0.294117647,0.171428571
0.641,24,12,10,58,0.294117647,0.171428571
0.642,24,12,10,58,0.294117647,0.171428571
0.643,24,12,10,58,0.294117647,0.171428571
0.644,24,12,10,58,0.294117647,0.171428571
0.645,24,12,10,58,0.294117647,0.171428571
0.646,24,12,10,58,0.294117647,0.171428571
0.647,24,12,10,58,0.294117647,0.171428571
0.648,24,12,10,58,0.294117647,0.171428571
0.649,24,12,10,58,0.294117647,0.171428571
0.65,24,12,10,58,0.294117647,0.171428571
0.651,24,12,10,58,0.294117647,0.171428571
0.652,24,12,10,58,0.294117647,0.171428571
0.653,24,12,10,58,0.294117647,0.171428571
0.654,24,11,10,59,0.294117647,0.157142857
0.655,24,11,10,59,0.294117647,0.157142857
0.656,24,11,10,59,0.294117647,0.157142857
0.657,24,11,10,59,0.294117647,0.157142857
0.658,24,11,10,59,0.294117647,0.157142857
0.659,24,11,10,59,0.294117647,0.157142857
0.66,23,11,11,59,0.323529412,0.157142857
0.661,23,10,11,60,0.323529412,0.142857143
0.662,23,10,11,60,0.323529412,0.142857143
0.663,23,10,11,60,0.323529412,0.142857143
0.664,23,10,11,60,0.323529412,0.142857143
0.665,23,9,11,61,0.323529412,0.128571429
0.666,23,9,11,61,0.323529412,0.128571429
0.667,23,9,11,61,0.323529412,0.128571429
0.668,23,9,11,61,0.323529412,0.128571429
0.669,23,9,11,61,0.323529412,0.128571429
0.67,23,9,11,61,0.323529412,0.128571429
0.671,23,9,11,61,0.323529412,0.128571429
0.672,23,9,11,61,0.323529412,0.128571429
0.673,23,9,11,61,0.323529412,0.128571429
0.674,23,9,11,61,0.323529412,0.128571429
0.675,23,9,11,61,0.323529412,0.128571429
0.676,23,9,11,61,0.323529412,0.128571429
0.677,23,9,11,61,0.323529412,0.128571429
0.678,23,9,11,61,0.323529412,0.128571429
0.679,23,9,11,61,0.323529412,0.128571429
0.68,23,9,11,61,0.323529412,0.128571429
0.681,23,9,11,61,0.323529412,0.128571429
0.682,23,9,11,61,0.323529412,0.128571429
0.683,23,9,11,61,0.323529412,0.128571429
0.684,23,9,11,61,0.323529412,0.128571429
0.685,23,9,11,61,0.323529412,0.128571429
0.686,23,9,11,61,0.323529412,0.128571429
0.687,23,9,11,61,0.323529412,0.128571429
0.688,23,9,11,61,0.323529412,0.128571429
0.689,23,9,11,61,0.323529412,0.128571429
0.69,23,9,11,61,0.323529412,0.128571429
0.691,23,8,11,62,0.323529412,0.114285714
0.692,23,8,11,62,0.323529412,0.114285714
0.693,23,8,11,62,0.323529412,0.114285714
0.694,23,8,11,62,0.323529412,0.114285714
0.695,23,8,11,62,0.323529412,0.114285714
0.696,23,8,11,62,0.323529412,0.114285714
0.697,23,8,11,62,0.323529412,0.114285714
0.698,22,8,12,62,0.352941176,0.114285714
0.699,22,8,12,62,0.352941176,0.114285714
0.7,22,8,12,62,0.352941176,0.114285714
0.701,22,7,12,63,0.352941176,0.1
0.702,21,7,13,63,0.382352941,0.1
0.703,20,7,14,63,0.411764706,0.1
0.704,20,7,14,63,0.411764706,0.1
0.705,20,7,14,63,0.411764706,0.1
0.706,20,7,14,63,0.411764706,0.1
0.707,20,7,14,63,0.411764706,0.1
0.708,20,7,14,63,0.411764706,0.1
0.709,20,7,14,63,0.411764706,0.1
0.71,20,6,14,64,0.411764706,0.085714286
0.711,20,6,14,64,0.411764706,0.085714286
0.712,20,6,14,64,0.411764706,0.085714286
0.713,20,6,14,64,0.411764706,0.085714286
0.714,20,6,14,64,0.411764706,0.085714286
0.715,20,5,14,65,0.411764706,0.071428571
0.716,20,5,14,65,0.411764706,0.071428571
0.717,20,5,14,65,0.411764706,0.071428571
0.718,20,5,14,65,0.411764706,0.071428571
0.719,20,5,14,65,0.411764706,0.071428571
0.72,20,5,14,65,0.411764706,0.071428571
0.721,20,5,14,65,0.411764706,0.071428571
0.722,20,5,14,65,0.411764706,0.071428571
0.723,20,5,14,65,0.411764706,0.071428571
0.724,19,5,15,65,0.441176471,0.071428571
0.725,19,5,15,65,0.441176471,0.071428571
0.726,18,5,16,65,0.470588235,0.071428571
0.727,18,5,16,65,0.470588235,0.071428571
0.728,18,5,16,65,0.470588235,0.071428571
0.729,18,5,16,65,0.470588235,0.071428571
0.73,18,5,16,65,0.470588235,0.071428571
0.731,18,5,16,65,0.470588235,0.071428571
0.732,18,5,16,65,0.470588235,0.071428571
0.733,18,5,16,65,0.470588235,0.071428571
0.734,18,5,16,65,0.470588235,0.071428571
0.735,18,5,16,65,0.470588235,0.071428571
0.736,18,5,16,65,0.470588235,0.071428571
0.737,18,5,16,65,0.470588235,0.071428571
0.738,18,5,16,65,0.470588235,0.071428571
0.739,18,5,16,65,0.470588235,0.071428571
0.74,17,5,17,65,0.5,0.071428571
0.741,17,5,17,65,0.5,0.071428571
0.742,17,5,17,65,0.5,0.071428571
0.743,16,5,18,65,0.529411765,0.071428571
0.744,15,5,19,65,0.558823529,0.071428571
0.745,15,5,19,65,0.558823529,0.071428571
0.746,15,5,19,65,0.558823529,0.071428571
0.747,13,5,21,65,0.617647059,0.071428571
0.748,13,5,21,65,0.617647059,0.071428571
0.749,13,5,21,65,0.617647059,0.071428571
0.75,13,5,21,65,0.617647059,0.071428571
0.751,13,5,21,65,0.617647059,0.071428571
0.752,13,5,21,65,0.617647059,0.071428571
0.753,13,5,21,65,0.617647059,0.071428571
0.754,13,5,21,65,0.617647059,0.071428571
0.755,13,5,21,65,0.617647059,0.071428571
0.756,13,5,21,65,0.617647059,0.071428571
0.757,13,5,21,65,0.617647059,0.071428571
0.758,13,5,21,65,0.617647059,0.071428571
0.759,13,5,21,65,0.617647059,0.071428571
0.76,13,5,21,65,0.617647059,0.071428571
0.761,13,5,21,65,0.617647059,0.071428571
0.762,13,5,21,65,0.617647059,0.071428571
0.763,13,5,21,65,0.617647059,0.071428571
0.764,13,5,21,65,0.617647059,0.071428571
0.765,13,5,21,65,0.617647059,0.071428571
0.766,13,5,21,65,0.617647059,0.071428571
0.767,13,5,21,65,0.617647059,0.071428571
0.768,13,5,21,65,0.617647059,0.071428571
0.769,13,5,21,65,0.617647059,0.071428571
0.77,13,5,21,65,0.617647059,0.071428571
0.771,13,5,21,65,0.617647059,0.071428571
0.772,13,5,21,65,0.617647059,0.071428571
0.773,13,5,21,65,0.617647059,0.071428571
0.774,13,5,21,65,0.617647059,0.071428571
0.775,13,5,21,65,0.617647059,0.071428571
0.776,13,5,21,65,0.617647059,0.071428571
0.777,13,5,21,65,0.617647059,0.071428571
0.778,13,5,21,65,0.617647059,0.071428571
0.779,13,5,21,65,0.617647059,0.071428571
0.78,13,5,21,65,0.617647059,0.071428571
0.781,13,5,21,65,0.617647059,0.071428571
0.782,13,5,21,65,0.617647059,0.071428571
0.783,13,5,21,65,0.617647059,0.071428571
0.784,12,5,22,65,0.647058824,0.071428571
0.785,12,5,22,65,0.647058824,0.071428571
0.786,12,5,22,65,0.647058824,0.071428571
0.787,12,5,22,65,0.647058824,0.071428571
0.788,11,5,23,65,0.676470588,0.071428571
0.789,11,5,23,65,0.676470588,0.071428571
0.79,11,5,23,65,0.676470588,0.071428571
0.791,11,5,23,65,0.676470588,0.071428571
0.792,11,5,23,65,0.676470588,0.071428571
0.793,10,5,24,65,0.705882353,0.071428571
0.794,10,5,24,65,0.705882353,0.071428571
0.795,10,5,24,65,0.705882353,0.071428571
0.796,10,4,24,66,0.705882353,0.057142857
0.797,9,4,25,66,0.735294118,0.057142857
0.798,9,4,25,66,0.735294118,0.057142857
0.799,9,4,25,66,0.735294118,0.057142857
0.8,8,4,26,66,0.764705882,0.057142857
0.801,8,3,26,67,0.764705882,0.042857143
0.802,8,3,26,67,0.764705882,0.042857143
0.803,7,3,27,67,0.794117647,0.042857143
0.804,7,3,27,67,0.794117647,0.042857143
0.805,7,3,27,67,0.794117647,0.042857143
0.806,7,2,27,68,0.794117647,0.028571429
0.807,7,2,27,68,0.794117647,0.028571429
0.808,7,2,27,68,0.794117647,0.028571429
0.809,7,2,27,68,0.794117647,0.028571429
0.81,7,2,27,68,0.794117647,0.028571429
0.811,7,2,27,68,0.794117647,0.028571429
0.812,7,2,27,68,0.794117647,0.028571429
0.813,6,2,28,68,0.823529412,0.028571429
0.814,6,2,28,68,0.823529412,0.028571429
0.815,6,2,28,68,0.823529412,0.028571429
0.816,6,2,28,68,0.823529412,0.028571429
0.817,6,2,28,68,0.823529412,0.028571429
0.818,6,2,28,68,0.823529412,0.028571429
0.819,6,2,28,68,0.823529412,0.028571429
0.82,6,2,28,68,0.823529412,0.028571429
0.821,6,2,28,68,0.823529412,0.028571429
0.822,6,2,28,68,0.823529412,0.028571429
0.823,6,2,28,68,0.823529412,0.028571429
0.824,5,2,29,68,0.852941176,0.028571429
0.825,5,2,29,68,0.852941176,0.028571429
0.826,4,2,30,68,0.882352941,0.028571429
0.827,3,2,31,68,0.911764706,0.028571429
0.828,3,2,31,68,0.911764706,0.028571429
0.829,3,2,31,68,0.911764706,0.028571429
0.83,3,2,31,68,0.911764706,0.028571429
0.831,3,2,31,68,0.911764706,0.028571429
0.832,3,2,31,68,0.911764706,0.028571429
0.833,3,2,31,68,0.911764706,0.028571429
0.834,3,1,31,69,0.911764706,0.014285714
0.835,3,1,31,69,0.911764706,0.014285714
0.836,3,1,31,69,0.911764706,0.014285714
0.837,3,1,31,69,0.911764706,0.014285714
0.838,3,1,31,69,0.911764706,0.014285714
0.839,3,1,31,69,0.911764706,0.014285714
0.84,3,1,31,69,0.911764706,0.014285714
0.841,3,1,31,69,0.911764706,0.014285714
0.842,3,1,31,69,0.911764706,0.014285714
0.843,3,1,31,69,0.911764706,0.014285714
0.844,3,1,31,69,0.911764706,0.014285714
0.845,3,1,31,69,0.911764706,0.014285714
0.846,3,1,31,69,0.911764706,0.014285714
0.847,3,1,31,69,0.911764706,0.014285714
0.848,3,1,31,69,0.911764706,0.014285714
0.849,3,1,31,69,0.911764706,0.014285714
0.85,3,1,31,69,0.911764706,0.014285714
0.851,3,1,31,69,0.911764706,0.014285714
0.852,3,1,31,69,0.911764706,0.014285714
0.853,3,1,31,69,0.911764706,0.014285714
0.854,3,1,31,69,0.911764706,0.014285714
0.855,3,1,31,69,0.911764706,0.014285714
0.856,3,1,31,69,0.911764706,0.014285714
0.857,3,1,31,69,0.911764706,0.014285714
0.858,3,1,31,69,0.911764706,0.014285714
0.859,3,1,31,69,0.911764706,0.014285714
0.86,3,1,31,69,0.911764706,0.014285714
0.861,3,1,31,69,0.911764706,0.014285714
0.862,3,1,31,69,0.911764706,0.014285714
0.863,3,1,31,69,0.911764706,0.014285714
0.864,3,1,31,69,0.911764706,0.014285714
0.865,3,1,31,69,0.911764706,0.014285714
0.866,3,1,31,69,0.911764706,0.014285714
0.867,3,1,31,69,0.911764706,0.014285714
0.868,3,1,31,69,0.911764706,0.014285714
0.869,3,1,31,69,0.911764706,0.014285714
0.87,3,1,31,69,0.911764706,0.014285714
0.871,3,1,31,69,0.911764706,0.014285714
0.872,3,1,31,69,0.911764706,0.014285714
0.873,3,1,31,69,0.911764706,0.014285714
0.874,3,1,31,69,0.911764706,0.014285714
0.875,3,1,31,69,0.911764706,0.014285714
0.876,3,1,31,69,0.911764706,0.014285714
0.877,3,1,31,69,0.911764706,0.014285714
0.878,3,1,31,69,0.911764706,0.014285714
0.879,3,1,31,69,0.911764706,0.014285714
0.88,3,1,31,69,0.911764706,0.014285714
0.881,3,1,31,69,0.911764706,0.014285714
0.882,3,1,31,69,0.911764706,0.014285714
0.883,3,1,31,69,0.911764706,0.014285714
0.884,3,1,31,69,0.911764706,0.014285714
0.885,3,1,31,69,0.911764706,0.014285714
0.886,3,1,31,69,0.911764706,0.014285714
0.887,3,1,31,69,0.911764706,0.014285714
0.888,3,1,31,69,0.911764706,0.014285714
0.889,3,0,31,70,0.911764706,0
0.89,2,0,32,70,0.941176471,0
0.891,2,0,32,70,0.941176471,0
0.892,2,0,32,70,0.941176471,0
0.893,2,0,32,70,0.941176471,0
0.894,2,0,32,70,0.941176471,0
0.895,2,0,32,70,0.941176471,0
0.896,2,0,32,70,0.941176471,0
0.897,2,0,32,70,0.941176471,0
0.898,2,0,32,70,0.941176471,0
0.899,2,0,32,70,0.941176471,0
0.9,2,0,32,70,0.941176471,0
0.901,2,0,32,70,0.941176471,0
0.902,2,0,32,70,0.941176471,0
0.903,2,0,32,70,0.941176471,0
0.904,2,0,32,70,0.941176471,0
0.905,2,0,32,70,0.941176471,0
0.906,2,0,32,70,0.941176471,0
0.907,2,0,32,70,0.941176471,0
0.908,2,0,32,70,0.941176471,0
0.909,2,0,32,70,0.941176471,0
0.91,2,0,32,70,0.941176471,0
0.911,1,0,33,70,0.970588235,0
0.912,1,0,33,70,0.970588235,0
0.913,1,0,33,70,0.970588235,0
0.914,1,0,33,70,0.970588235,0
0.915,1,0,33,70,0.970588235,0
0.916,1,0,33,70,0.970588235,0
0.917,1,0,33,70,0.970588235,0
0.918,1,0,33,70,0.970588235,0
0.919,1,0,33,70,0.970588235,0
0.92,1,0,33,70,0.970588235,0
0.921,1,0,33,70,0.970588235,0
0.922,1,0,33,70,0.970588235,0
0.923,1,0,33,70,0.970588235,0
0.924,1,0,33,70,0.970588235,0
0.925,1,0,33,70,0.970588235,0
0.926,1,0,33,70,0.970588235,0
0.927,0,0,34,70,1,0
0.928,0,0,34,70,1,0
0.929,0,0,34,70,1,0
0.93,0,0,34,70,1,0
0.931,0,0,34,70,1,0
0.932,0,0,34,70,1,0
0.933,0,0,34,70,1,0
0.934,0,0,34,70,1,0
0.935,0,0,34,70,1,0
0.936,0,0,34,70,1,0
0.937,0,0,34,70,1,0
0.938,0,0,34,70,1,0
0.939,0,0,34,70,1,0
0.94,0,0,34,70,1,0
0.941,0,0,34,70,1,0
0.942,0,0,34,70,1,0
0.943,0,0,34,70,1,0
0.944,0,0,34,70,1,0
0.945,0,0,34,70,1,0
0.946,0,0,34,70,1,0
0.947,0,0,34,70,1,0
0.948,0,0,34,70,1,0
0.949,0,0,34,70,1,0
0.95,0,0,34,70,1,0
0.951,0,0,34,70,1,0
0.952,0,0,34,70,1,0
0.953,0,0,34,70,1,0
0.954,0,0,34,70,1,0
0.955,0,0,34,70,1,0
0.956,0,0,34,70,1,0
0.957,0,0,34,70,1,0
0.958,0,0,34,70,1,0
0.959,0,0,34,70,1,0
0.96,0,0,34,70,1,0
0.961,0,0,34,70,1,0
0.962,0,0,34,70,1,0
0.963,0,0,34,70,1,0
0.964,0,0,34,70,1,0
0.965,0,0,34,70,1,0
0.966,0,0,34,70,1,0
0.967,0,0,34,70,1,0
0.968,0,0,34,70,1,0
0.969,0,0,34,70,1,0
0.97,0,0,34,70,1,0
0.971,0,0,34,70,1,0
0.972,0,0,34,70,1,0
0.973,0,0,34,70,1,0
0.974,0,0,34,70,1,0
0.975,0,0,34,70,1,0
0.976,0,0,34,70,1,0
0.977,0,0,34,70,1,0
0.978,0,0,34,70,1,0
0.979,0,0,34,70,1,0
0.98,0,0,34,70,1,0
0.981,0,0,34,70,1,0
0.982,0,0,34,70,1,0
0.983,0,0,34,70,1,0
0.984,0,0,34,70,1,0
0.985,0,0,34,70,1,0
0.986,0,0,34,70,1,0
0.987,0,0,34,70,1,0
0.988,0,0,34,70,1,0
0.989,0,0,34,70,1,0
0.99,0,0,34,70,1,0
0.991,0,0,34,70,1,0
0.992,0,0,34,70,1,0
0.993,0,0,34,70,1,0
0.994,0,0,34,70,1,0
0.995,0,0,34,70,1,0
0.996,0,0,34,70,1,0
0.997,0,0,34,70,1,0
0.998,0,0,34,70,1,0
0.999,0,0,34,70,1,0
1,0,0,34,70,1,0
