theta,true-positive,false-alarm,miss-detection,true-negative,p-miss,p-fa,,cost,0.013445673
0,43,61,0,0,0,1,,0.098,
0.001,43,49,0,12,0,0.803278689,,0.078721311,
0.002,43,48,0,13,0,0.786885246,,0.077114754,
0.003,43,48,0,13,0,0.786885246,,0.077114754,
0.004,43,47,0,14,0,0.770491803,,0.075508197,
0.005,43,47,0,14,0,0.770491803,,0.075508197,
0.006,43,46,0,15,0,0.754098361,,0.073901639,
0.007,43,45,0,16,0,0.737704918,,0.072295082,
0.008,43,45,0,16,0,0.737704918,,0.072295082,
0.009,43,44,0,17,0,0.721311475,,0.070688525,
0.01,43,43,0,18,0,0.704918033,,0.069081967,
0.011,43,43,0,18,0,0.704918033,,0.069081967,
0.012,43,43,0,18,0,0.704918033,,0.069081967,
0.013,43,43,0,18,0,0.704918033,,0.069081967,
0.014,43,42,0,19,0,0.68852459,,0.06747541,
0.015,43,42,0,19,0,0.68852459,,0.06747541,
0.016,43,42,0,19,0,0.68852459,,0.06747541,
0.017,43,42,0,19,0,0.68852459,,0.06747541,
0.018,43,41,0,20,0,0.672131148,,0.065868852,
0.019,43,41,0,20,0,0.672131148,,0.065868852,
0.02,43,39,0,22,0,0.639344262,,0.062655738,
0.021,43,39,0,22,0,0.639344262,,0.062655738,
0.022,43,39,0,22,0,0.639344262,,0.062655738,
0.023,43,38,0,23,0,0.62295082,,0.06104918,
0.024,43,38,0,23,0,0.62295082,,0.06104918,
0.025,43,37,0,24,0,0.606557377,,0.059442623,
0.026,43,37,0,24,0,0.606557377,,0.059442623,
0.027,43,37,0,24,0,0.606557377,,0.059442623,
0.028,43,37,0,24,0,0.606557377,,0.059442623,
0.029,43,37,0,24,0,0.606557377,,0.059442623,
0.03,43,37,0,24,0,0.606557377,,0.059442623,
0.031,43,36,0,25,0,0.590163934,,0.057836066,
0.032,43,35,0,26,0,0.573770492,,0.056229508,
0.033,43,35,0,26,0,0.573770492,,0.056229508,
0.034,43,35,0,26,0,0.573770492,,0.056229508,
0.035,43,35,0,26,0,0.573770492,,0.056229508,
0.036,43,35,0,26,0,0.573770492,,0.056229508,
0.037,43,35,0,26,0,0.573770492,,0.056229508,
0.038,43,35,0,26,0,0.573770492,,0.056229508,
0.039,43,34,0,27,0,0.557377049,,0.054622951,
0.04,43,34,0,27,0,0.557377049,,0.054622951,
0.041,43,32,0,29,0,0.524590164,,0.051409836,
0.042,43,32,0,29,0,0.524590164,,0.051409836,
0.043,43,32,0,29,0,0.524590164,,0.051409836,
0.044,43,32,0,29,0,0.524590164,,0.051409836,
0.045,43,32,0,29,0,0.524590164,,0.051409836,
0.046,43,32,0,29,0,0.524590164,,0.051409836,
0.047,43,31,0,30,0,0.508196721,,0.049803279,
0.048,43,31,0,30,0,0.508196721,,0.049803279,
0.049,43,31,0,30,0,0.508196721,,0.049803279,
0.05,43,31,0,30,0,0.508196721,,0.049803279,
0.051,43,31,0,30,0,0.508196721,,0.049803279,
0.052,43,31,0,30,0,0.508196721,,0.049803279,
0.053,43,30,0,31,0,0.491803279,,0.048196721,
0.054,43,30,0,31,0,0.491803279,,0.048196721,
0.055,43,30,0,31,0,0.491803279,,0.048196721,
0.056,43,30,0,31,0,0.491803279,,0.048196721,
0.057,43,30,0,31,0,0.491803279,,0.048196721,
0.058,43,30,0,31,0,0.491803279,,0.048196721,
0.059,43,30,0,31,0,0.491803279,,0.048196721,
0.06,43,30,0,31,0,0.491803279,,0.048196721,
0.061,43,30,0,31,0,0.491803279,,0.048196721,
0.062,43,30,0,31,0,0.491803279,,0.048196721,
0.063,43,30,0,31,0,0.491803279,,0.048196721,
0.064,43,30,0,31,0,0.491803279,,0.048196721,
0.065,43,30,0,31,0,0.491803279,,0.048196721,
0.066,43,30,0,31,0,0.491803279,,0.048196721,
0.067,43,30,0,31,0,0.491803279,,0.048196721,
0.068,43,29,0,32,0,0.475409836,,0.046590164,
0.069,43,29,0,32,0,0.475409836,,0.046590164,
0.07,43,28,0,33,0,0.459016393,,0.044983607,
0.071,43,28,0,33,0,0.459016393,,0.044983607,
0.072,43,28,0,33,0,0.459016393,,0.044983607,
0.073,43,28,0,33,0,0.459016393,,0.044983607,
0.074,43,28,0,33,0,0.459016393,,0.044983607,
0.075,43,28,0,33,0,0.459016393,,0.044983607,
0.076,43,28,0,33,0,0.459016393,,0.044983607,
0.077,43,28,0,33,0,0.459016393,,0.044983607,
0.078,43,28,0,33,0,0.459016393,,0.044983607,
0.079,43,28,0,33,0,0.459016393,,0.044983607,
0.08,43,27,0,34,0,0.442622951,,0.043377049,
0.081,43,27,0,34,0,0.442622951,,0.043377049,
0.082,43,25,0,36,0,0.409836066,,0.040163934,
0.083,43,25,0,36,0,0.409836066,,0.040163934,
0.084,43,25,0,36,0,0.409836066,,0.040163934,
0.085,43,24,0,37,0,0.393442623,,0.038557377,
0.086,43,24,0,37,0,0.393442623,,0.038557377,
0.087,43,24,0,37,0,0.393442623,,0.038557377,
0.088,43,24,0,37,0,0.393442623,,0.038557377,
0.089,43,24,0,37,0,0.393442623,,0.038557377,
0.09,43,23,0,38,0,0.37704918,,0.03695082,
0.091,43,22,0,39,0,0.360655738,,0.035344262,
0.092,43,22,0,39,0,0.360655738,,0.035344262,
0.093,43,22,0,39,0,0.360655738,,0.035344262,
0.094,43,22,0,39,0,0.360655738,,0.035344262,
0.095,43,22,0,39,0,0.360655738,,0.035344262,
0.096,43,22,0,39,0,0.360655738,,0.035344262,
0.097,43,21,0,40,0,0.344262295,,0.033737705,
0.098,43,21,0,40,0,0.344262295,,0.033737705,
0.099,43,21,0,40,0,0.344262295,,0.033737705,
0.1,43,21,0,40,0,0.344262295,,0.033737705,
0.101,43,21,0,40,0,0.344262295,,0.033737705,
0.102,43,21,0,40,0,0.344262295,,0.033737705,
0.103,43,21,0,40,0,0.344262295,,0.033737705,
0.104,43,21,0,40,0,0.344262295,,0.033737705,
0.105,43,21,0,40,0,0.344262295,,0.033737705,
0.106,43,21,0,40,0,0.344262295,,0.033737705,
0.107,43,21,0,40,0,0.344262295,,0.033737705,
0.108,43,21,0,40,0,0.344262295,,0.033737705,
0.109,43,21,0,40,0,0.344262295,,0.033737705,
0.11,43,21,0,40,0,0.344262295,,0.033737705,
0.111,43,21,0,40,0,0.344262295,,0.033737705,
0.112,43,21,0,40,0,0.344262295,,0.033737705,
0.113,43,21,0,40,0,0.344262295,,0.033737705,
0.114,43,21,0,40,0,0.344262295,,0.033737705,
0.115,43,21,0,40,0,0.344262295,,0.033737705,
0.116,43,21,0,40,0,0.344262295,,0.033737705,
0.117,43,21,0,40,0,0.344262295,,0.033737705,
0.118,43,21,0,40,0,0.344262295,,0.033737705,
0.119,43,21,0,40,0,0.344262295,,0.033737705,
0.12,43,21,0,40,0,0.344262295,,0.033737705,
0.121,43,21,0,40,0,0.344262295,,0.033737705,
0.122,43,21,0,40,0,0.344262295,,0.033737705,
0.123,43,21,0,40,0,0.344262295,,0.033737705,
0.124,43,21,0,40,0,0.344262295,,0.033737705,
0.125,43,21,0,40,0,0.344262295,,0.033737705,
0.126,43,21,0,40,0,0.344262295,,0.033737705,
0.127,43,21,0,40,0,0.344262295,,0.033737705,
0.128,43,21,0,40,0,0.344262295,,0.033737705,
0.129,43,21,0,40,0,0.344262295,,0.033737705,
0.13,43,21,0,40,0,0.344262295,,0.033737705,
0.131,43,21,0,40,0,0.344262295,,0.033737705,
0.132,43,20,0,41,0,0.327868852,,0.032131148,
0.133,43,20,0,41,0,0.327868852,,0.032131148,
0.134,43,20,0,41,0,0.327868852,,0.032131148,
0.135,43,20,0,41,0,0.327868852,,0.032131148,
0.136,43,20,0,41,0,0.327868852,,0.032131148,
0.137,43,20,0,41,0,0.327868852,,0.032131148,
0.138,43,20,0,41,0,0.327868852,,0.032131148,
0.139,43,20,0,41,0,0.327868852,,0.032131148,
0.14,43,20,0,41,0,0.327868852,,0.032131148,
0.141,43,20,0,41,0,0.327868852,,0.032131148,
0.142,43,20,0,41,0,0.327868852,,0.032131148,
0.143,43,20,0,41,0,0.327868852,,0.032131148,
0.144,43,20,0,41,0,0.327868852,,0.032131148,
0.145,43,19,0,42,0,0.31147541,,0.03052459,
0.146,43,19,0,42,0,0.31147541,,0.03052459,
0.147,43,19,0,42,0,0.31147541,,0.03052459,
0.148,43,19,0,42,0,0.31147541,,0.03052459,
0.149,43,19,0,42,0,0.31147541,,0.03052459,
0.15,43,19,0,42,0,0.31147541,,0.03052459,
0.151,43,19,0,42,0,0.31147541,,0.03052459,
0.152,43,19,0,42,0,0.31147541,,0.03052459,
0.153,43,19,0,42,0,0.31147541,,0.03052459,
0.154,43,19,0,42,0,0.31147541,,0.03052459,
0.155,43,19,0,42,0,0.31147541,,0.03052459,
0.156,43,19,0,42,0,0.31147541,,0.03052459,
0.157,43,19,0,42,0,0.31147541,,0.03052459,
0.158,43,19,0,42,0,0.31147541,,0.03052459,
0.159,43,19,0,42,0,0.31147541,,0.03052459,
0.16,43,19,0,42,0,0.31147541,,0.03052459,
0.161,43,19,0,42,0,0.31147541,,0.03052459,
0.162,43,19,0,42,0,0.31147541,,0.03052459,
0.163,43,19,0,42,0,0.31147541,,0.03052459,
0.164,43,19,0,42,0,0.31147541,,0.03052459,
0.165,43,19,0,42,0,0.31147541,,0.03052459,
0.166,43,19,0,42,0,0.31147541,,0.03052459,
0.167,43,19,0,42,0,0.31147541,,0.03052459,
0.168,43,19,0,42,0,0.31147541,,0.03052459,
0.169,43,19,0,42,0,0.31147541,,0.03052459,
0.17,43,19,0,42,0,0.31147541,,0.03052459,
0.171,43,19,0,42,0,0.31147541,,0.03052459,
0.172,43,19,0,42,0,0.31147541,,0.03052459,
0.173,43,19,0,42,0,0.31147541,,0.03052459,
0.174,43,19,0,42,0,0.31147541,,0.03052459,
0.175,43,19,0,42,0,0.31147541,,0.03052459,
0.176,43,19,0,42,0,0.31147541,,0.03052459,
0.177,43,19,0,42,0,0.31147541,,0.03052459,
0.178,43,19,0,42,0,0.31147541,,0.03052459,
0.179,43,19,0,42,0,0.31147541,,0.03052459,
0.18,43,19,0,42,0,0.31147541,,0.03052459,
0.181,43,19,0,42,0,0.31147541,,0.03052459,
0.182,43,19,0,42,0,0.31147541,,0.03052459,
0.183,43,19,0,42,0,0.31147541,,0.03052459,
0.184,43,19,0,42,0,0.31147541,,0.03052459,
0.185,43,19,0,42,0,0.31147541,,0.03052459,
0.186,43,19,0,42,0,0.31147541,,0.03052459,
0.187,43,19,0,42,0,0.31147541,,0.03052459,
0.188,43,18,0,43,0,0.295081967,,0.028918033,
0.189,43,18,0,43,0,0.295081967,,0.028918033,
0.19,43,18,0,43,0,0.295081967,,0.028918033,
0.191,43,18,0,43,0,0.295081967,,0.028918033,
0.192,43,18,0,43,0,0.295081967,,0.028918033,
0.193,43,18,0,43,0,0.295081967,,0.028918033,
0.194,43,18,0,43,0,0.295081967,,0.028918033,
0.195,43,18,0,43,0,0.295081967,,0.028918033,
0.196,43,18,0,43,0,0.295081967,,0.028918033,
0.197,43,18,0,43,0,0.295081967,,0.028918033,
0.198,43,18,0,43,0,0.295081967,,0.028918033,
0.199,43,18,0,43,0,0.295081967,,0.028918033,
0.2,43,18,0,43,0,0.295081967,,0.028918033,
0.201,43,18,0,43,0,0.295081967,,0.028918033,
0.202,43,18,0,43,0,0.295081967,,0.028918033,
0.203,43,18,0,43,0,0.295081967,,0.028918033,
0.204,43,18,0,43,0,0.295081967,,0.028918033,
0.205,43,18,0,43,0,0.295081967,,0.028918033,
0.206,43,18,0,43,0,0.295081967,,0.028918033,
0.207,43,18,0,43,0,0.295081967,,0.028918033,
0.208,43,18,0,43,0,0.295081967,,0.028918033,
0.209,43,18,0,43,0,0.295081967,,0.028918033,
0.21,43,18,0,43,0,0.295081967,,0.028918033,
0.211,43,18,0,43,0,0.295081967,,0.028918033,
0.212,43,18,0,43,0,0.295081967,,0.028918033,
0.213,43,18,0,43,0,0.295081967,,0.028918033,
0.214,43,18,0,43,0,0.295081967,,0.028918033,
0.215,43,18,0,43,0,0.295081967,,0.028918033,
0.216,43,18,0,43,0,0.295081967,,0.028918033,
0.217,43,18,0,43,0,0.295081967,,0.028918033,
0.218,43,18,0,43,0,0.295081967,,0.028918033,
0.219,43,18,0,43,0,0.295081967,,0.028918033,
0.22,43,18,0,43,0,0.295081967,,0.028918033,
0.221,43,18,0,43,0,0.295081967,,0.028918033,
0.222,43,18,0,43,0,0.295081967,,0.028918033,
0.223,43,18,0,43,0,0.295081967,,0.028918033,
0.224,43,18,0,43,0,0.295081967,,0.028918033,
0.225,43,18,0,43,0,0.295081967,,0.028918033,
0.226,43,18,0,43,0,0.295081967,,0.028918033,
0.227,43,18,0,43,0,0.295081967,,0.028918033,
0.228,43,18,0,43,0,0.295081967,,0.028918033,
0.229,43,18,0,43,0,0.295081967,,0.028918033,
0.23,43,18,0,43,0,0.295081967,,0.028918033,
0.231,43,18,0,43,0,0.295081967,,0.028918033,
0.232,43,18,0,43,0,0.295081967,,0.028918033,
0.233,43,18,0,43,0,0.295081967,,0.028918033,
0.234,43,18,0,43,0,0.295081967,,0.028918033,
0.235,43,18,0,43,0,0.295081967,,0.028918033,
0.236,43,18,0,43,0,0.295081967,,0.028918033,
0.237,43,18,0,43,0,0.295081967,,0.028918033,
0.238,43,18,0,43,0,0.295081967,,0.028918033,
0.239,43,18,0,43,0,0.295081967,,0.028918033,
0.24,43,18,0,43,0,0.295081967,,0.028918033,
0.241,43,18,0,43,0,0.295081967,,0.028918033,
0.242,43,18,0,43,0,0.295081967,,0.028918033,
0.243,43,18,0,43,0,0.295081967,,0.028918033,
0.244,43,18,0,43,0,0.295081967,,0.028918033,
0.245,43,18,0,43,0,0.295081967,,0.028918033,
0.246,43,18,0,43,0,0.295081967,,0.028918033,
0.247,43,18,0,43,0,0.295081967,,0.028918033,
0.248,43,18,0,43,0,0.295081967,,0.028918033,
0.249,43,18,0,43,0,0.295081967,,0.028918033,
0.25,43,18,0,43,0,0.295081967,,0.028918033,
0.251,43,18,0,43,0,0.295081967,,0.028918033,
0.252,43,18,0,43,0,0.295081967,,0.028918033,
0.253,43,18,0,43,0,0.295081967,,0.028918033,
0.254,43,18,0,43,0,0.295081967,,0.028918033,
0.255,43,18,0,43,0,0.295081967,,0.028918033,
0.256,43,18,0,43,0,0.295081967,,0.028918033,
0.257,43,18,0,43,0,0.295081967,,0.028918033,
0.258,43,18,0,43,0,0.295081967,,0.028918033,
0.259,43,18,0,43,0,0.295081967,,0.028918033,
0.26,43,18,0,43,0,0.295081967,,0.028918033,
0.261,43,18,0,43,0,0.295081967,,0.028918033,
0.262,43,18,0,43,0,0.295081967,,0.028918033,
0.263,43,18,0,43,0,0.295081967,,0.028918033,
0.264,43,18,0,43,0,0.295081967,,0.028918033,
0.265,43,18,0,43,0,0.295081967,,0.028918033,
0.266,43,18,0,43,0,0.295081967,,0.028918033,
0.267,43,18,0,43,0,0.295081967,,0.028918033,
0.268,43,18,0,43,0,0.295081967,,0.028918033,
0.269,43,18,0,43,0,0.295081967,,0.028918033,
0.27,43,18,0,43,0,0.295081967,,0.028918033,
0.271,43,18,0,43,0,0.295081967,,0.028918033,
0.272,43,18,0,43,0,0.295081967,,0.028918033,
0.273,43,17,0,44,0,0.278688525,,0.027311475,
0.274,43,17,0,44,0,0.278688525,,0.027311475,
0.275,43,17,0,44,0,0.278688525,,0.027311475,
0.276,43,17,0,44,0,0.278688525,,0.027311475,
0.277,43,17,0,44,0,0.278688525,,0.027311475,
0.278,43,17,0,44,0,0.278688525,,0.027311475,
0.279,43,17,0,44,0,0.278688525,,0.027311475,
0.28,43,17,0,44,0,0.278688525,,0.027311475,
0.281,43,17,0,44,0,0.278688525,,0.027311475,
0.282,43,17,0,44,0,0.278688525,,0.027311475,
0.283,43,17,0,44,0,0.278688525,,0.027311475,
0.284,43,17,0,44,0,0.278688525,,0.027311475,
0.285,43,17,0,44,0,0.278688525,,0.027311475,
0.286,43,17,0,44,0,0.278688525,,0.027311475,
0.287,43,17,0,44,0,0.278688525,,0.027311475,
0.288,43,17,0,44,0,0.278688525,,0.027311475,
0.289,43,17,0,44,0,0.278688525,,0.027311475,
0.29,43,17,0,44,0,0.278688525,,0.027311475,
0.291,43,17,0,44,0,0.278688525,,0.027311475,
0.292,43,17,0,44,0,0.278688525,,0.027311475,
0.293,43,17,0,44,0,0.278688525,,0.027311475,
0.294,43,17,0,44,0,0.278688525,,0.027311475,
0.295,43,17,0,44,0,0.278688525,,0.027311475,
0.296,43,17,0,44,0,0.278688525,,0.027311475,
0.297,43,17,0,44,0,0.278688525,,0.027311475,
0.298,43,17,0,44,0,0.278688525,,0.027311475,
0.299,43,17,0,44,0,0.278688525,,0.027311475,
0.3,43,17,0,44,0,0.278688525,,0.027311475,
0.301,43,17,0,44,0,0.278688525,,0.027311475,
0.302,43,17,0,44,0,0.278688525,,0.027311475,
0.303,43,17,0,44,0,0.278688525,,0.027311475,
0.304,43,17,0,44,0,0.278688525,,0.027311475,
0.305,43,17,0,44,0,0.278688525,,0.027311475,
0.306,43,17,0,44,0,0.278688525,,0.027311475,
0.307,43,17,0,44,0,0.278688525,,0.027311475,
0.308,43,17,0,44,0,0.278688525,,0.027311475,
0.309,43,17,0,44,0,0.278688525,,0.027311475,
0.31,43,17,0,44,0,0.278688525,,0.027311475,
0.311,43,17,0,44,0,0.278688525,,0.027311475,
0.312,43,17,0,44,0,0.278688525,,0.027311475,
0.313,43,17,0,44,0,0.278688525,,0.027311475,
0.314,43,17,0,44,0,0.278688525,,0.027311475,
0.315,43,17,0,44,0,0.278688525,,0.027311475,
0.316,43,17,0,44,0,0.278688525,,0.027311475,
0.317,43,17,0,44,0,0.278688525,,0.027311475,
0.318,43,17,0,44,0,0.278688525,,0.027311475,
0.319,43,17,0,44,0,0.278688525,,0.027311475,
0.32,43,17,0,44,0,0.278688525,,0.027311475,
0.321,43,17,0,44,0,0.278688525,,0.027311475,
0.322,43,17,0,44,0,0.278688525,,0.027311475,
0.323,43,17,0,44,0,0.278688525,,0.027311475,
0.324,43,17,0,44,0,0.278688525,,0.027311475,
0.325,43,17,0,44,0,0.278688525,,0.027311475,
0.326,43,17,0,44,0,0.278688525,,0.027311475,
0.327,43,17,0,44,0,0.278688525,,0.027311475,
0.328,42,17,1,44,0.023255814,0.278688525,,0.027776592,
0.329,42,17,1,44,0.023255814,0.278688525,,0.027776592,
0.33,42,17,1,44,0.023255814,0.278688525,,0.027776592,
0.331,42,17,1,44,0.023255814,0.278688525,,0.027776592,
0.332,42,17,1,44,0.023255814,0.278688525,,0.027776592,
0.333,42,17,1,44,0.023255814,0.278688525,,0.027776592,
0.334,41,17,2,44,0.046511628,0.278688525,,0.028241708,
0.335,41,17,2,44,0.046511628,0.278688525,,0.028241708,
0.336,41,17,2,44,0.046511628,0.278688525,,0.028241708,
0.337,41,17,2,44,0.046511628,0.278688525,,0.028241708,
0.338,41,17,2,44,0.046511628,0.278688525,,0.028241708,
0.339,41,17,2,44,0.046511628,0.278688525,,0.028241708,
0.34,41,17,2,44,0.046511628,0.278688525,,0.028241708,
0.341,41,17,2,44,0.046511628,0.278688525,,0.028241708,
0.342,41,17,2,44,0.046511628,0.278688525,,0.028241708,
0.343,41,17,2,44,0.046511628,0.278688525,,0.028241708,
0.344,41,17,2,44,0.046511628,0.278688525,,0.028241708,
0.345,41,17,2,44,0.046511628,0.278688525,,0.028241708,
0.346,41,17,2,44,0.046511628,0.278688525,,0.028241708,
0.347,41,17,2,44,0.046511628,0.278688525,,0.028241708,
0.348,41,17,2,44,0.046511628,0.278688525,,0.028241708,
0.349,41,17,2,44,0.046511628,0.278688525,,0.028241708,
0.35,41,17,2,44,0.046511628,0.278688525,,0.028241708,
0.351,41,17,2,44,0.046511628,0.278688525,,0.028241708,
0.352,41,17,2,44,0.046511628,0.278688525,,0.028241708,
0.353,41,17,2,44,0.046511628,0.278688525,,0.028241708,
0.354,41,17,2,44,0.046511628,0.278688525,,0.028241708,
0.355,41,17,2,44,0.046511628,0.278688525,,0.028241708,
0.356,41,17,2,44,0.046511628,0.278688525,,0.028241708,
0.357,41,17,2,44,0.046511628,0.278688525,,0.028241708,
0.358,41,17,2,44,0.046511628,0.278688525,,0.028241708,
0.359,41,16,2,45,0.046511628,0.262295082,,0.026635151,
0.36,41,16,2,45,0.046511628,0.262295082,,0.026635151,
0.361,41,16,2,45,0.046511628,0.262295082,,0.026635151,
0.362,41,16,2,45,0.046511628,0.262295082,,0.026635151,
0.363,41,16,2,45,0.046511628,0.262295082,,0.026635151,
0.364,41,16,2,45,0.046511628,0.262295082,,0.026635151,
0.365,41,16,2,45,0.046511628,0.262295082,,0.026635151,
0.366,41,16,2,45,0.046511628,0.262295082,,0.026635151,
0.367,41,16,2,45,0.046511628,0.262295082,,0.026635151,
0.368,41,16,2,45,0.046511628,0.262295082,,0.026635151,
0.369,41,16,2,45,0.046511628,0.262295082,,0.026635151,
0.37,41,16,2,45,0.046511628,0.262295082,,0.026635151,
0.371,41,16,2,45,0.046511628,0.262295082,,0.026635151,
0.372,41,16,2,45,0.046511628,0.262295082,,0.026635151,
0.373,41,16,2,45,0.046511628,0.262295082,,0.026635151,
0.374,40,16,3,45,0.069767442,0.262295082,,0.027100267,
0.375,40,16,3,45,0.069767442,0.262295082,,0.027100267,
0.376,40,16,3,45,0.069767442,0.262295082,,0.027100267,
0.377,40,16,3,45,0.069767442,0.262295082,,0.027100267,
0.378,40,16,3,45,0.069767442,0.262295082,,0.027100267,
0.379,40,16,3,45,0.069767442,0.262295082,,0.027100267,
0.38,40,15,3,46,0.069767442,0.245901639,,0.025493709,
0.381,40,15,3,46,0.069767442,0.245901639,,0.025493709,
0.382,40,15,3,46,0.069767442,0.245901639,,0.025493709,
0.383,40,15,3,46,0.069767442,0.245901639,,0.025493709,
0.384,40,15,3,46,0.069767442,0.245901639,,0.025493709,
0.385,40,15,3,46,0.069767442,0.245901639,,0.025493709,
0.386,40,15,3,46,0.069767442,0.245901639,,0.025493709,
0.387,40,15,3,46,0.069767442,0.245901639,,0.025493709,
0.388,40,15,3,46,0.069767442,0.245901639,,0.025493709,
0.389,40,15,3,46,0.069767442,0.245901639,,0.025493709,
0.39,40,15,3,46,0.069767442,0.245901639,,0.025493709,
0.391,40,15,3,46,0.069767442,0.245901639,,0.025493709,
0.392,40,15,3,46,0.069767442,0.245901639,,0.025493709,
0.393,40,15,3,46,0.069767442,0.245901639,,0.025493709,
0.394,40,15,3,46,0.069767442,0.245901639,,0.025493709,
0.395,40,15,3,46,0.069767442,0.245901639,,0.025493709,
0.396,40,15,3,46,0.069767442,0.245901639,,0.025493709,
0.397,40,15,3,46,0.069767442,0.245901639,,0.025493709,
0.398,40,15,3,46,0.069767442,0.245901639,,0.025493709,
0.399,40,15,3,46,0.069767442,0.245901639,,0.025493709,
0.4,40,15,3,46,0.069767442,0.245901639,,0.025493709,
0.401,40,15,3,46,0.069767442,0.245901639,,0.025493709,
0.402,40,14,3,47,0.069767442,0.229508197,,0.023887152,
0.403,40,14,3,47,0.069767442,0.229508197,,0.023887152,
0.404,40,14,3,47,0.069767442,0.229508197,,0.023887152,
0.405,40,14,3,47,0.069767442,0.229508197,,0.023887152,
0.406,40,14,3,47,0.069767442,0.229508197,,0.023887152,
0.407,40,14,3,47,0.069767442,0.229508197,,0.023887152,
0.408,40,14,3,47,0.069767442,0.229508197,,0.023887152,
0.409,40,14,3,47,0.069767442,0.229508197,,0.023887152,
0.41,40,14,3,47,0.069767442,0.229508197,,0.023887152,
0.411,40,14,3,47,0.069767442,0.229508197,,0.023887152,
0.412,40,14,3,47,0.069767442,0.229508197,,0.023887152,
0.413,40,14,3,47,0.069767442,0.229508197,,0.023887152,
0.414,39,14,4,47,0.093023256,0.229508197,,0.024352268,
0.415,39,14,4,47,0.093023256,0.229508197,,0.024352268,
0.416,39,14,4,47,0.093023256,0.229508197,,0.024352268,
0.417,39,14,4,47,0.093023256,0.229508197,,0.024352268,
0.418,39,14,4,47,0.093023256,0.229508197,,0.024352268,
0.419,39,14,4,47,0.093023256,0.229508197,,0.024352268,
0.42,39,14,4,47,0.093023256,0.229508197,,0.024352268,
0.421,39,14,4,47,0.093023256,0.229508197,,0.024352268,
0.422,39,14,4,47,0.093023256,0.229508197,,0.024352268,
0.423,39,14,4,47,0.093023256,0.229508197,,0.024352268,
0.424,39,14,4,47,0.093023256,0.229508197,,0.024352268,
0.425,39,14,4,47,0.093023256,0.229508197,,0.024352268,
0.426,39,14,4,47,0.093023256,0.229508197,,0.024352268,
0.427,39,14,4,47,0.093023256,0.229508197,,0.024352268,
0.428,39,14,4,47,0.093023256,0.229508197,,0.024352268,
0.429,39,14,4,47,0.093023256,0.229508197,,0.024352268,
0.43,39,14,4,47,0.093023256,0.229508197,,0.024352268,
0.431,39,14,4,47,0.093023256,0.229508197,,0.024352268,
0.432,39,14,4,47,0.093023256,0.229508197,,0.024352268,
0.433,39,14,4,47,0.093023256,0.229508197,,0.024352268,
0.434,39,14,4,47,0.093023256,0.229508197,,0.024352268,
0.435,39,14,4,47,0.093023256,0.229508197,,0.024352268,
0.436,39,14,4,47,0.093023256,0.229508197,,0.024352268,
0.437,39,14,4,47,0.093023256,0.229508197,,0.024352268,
0.438,39,14,4,47,0.093023256,0.229508197,,0.024352268,
0.439,39,14,4,47,0.093023256,0.229508197,,0.024352268,
0.44,39,14,4,47,0.093023256,0.229508197,,0.024352268,
0.441,39,14,4,47,0.093023256,0.229508197,,0.024352268,
0.442,39,14,4,47,0.093023256,0.229508197,,0.024352268,
0.443,39,14,4,47,0.093023256,0.229508197,,0.024352268,
0.444,38,14,5,47,0.11627907,0.229508197,,0.024817385,
0.445,38,14,5,47,0.11627907,0.229508197,,0.024817385,
0.446,38,14,5,47,0.11627907,0.229508197,,0.024817385,
0.447,38,14,5,47,0.11627907,0.229508197,,0.024817385,
0.448,38,14,5,47,0.11627907,0.229508197,,0.024817385,
0.449,38,14,5,47,0.11627907,0.229508197,,0.024817385,
0.45,38,14,5,47,0.11627907,0.229508197,,0.024817385,
0.451,38,14,5,47,0.11627907,0.229508197,,0.024817385,
0.452,38,14,5,47,0.11627907,0.229508197,,0.024817385,
0.453,38,14,5,47,0.11627907,0.229508197,,0.024817385,
0.454,38,14,5,47,0.11627907,0.229508197,,0.024817385,
0.455,38,14,5,47,0.11627907,0.229508197,,0.024817385,
0.456,38,14,5,47,0.11627907,0.229508197,,0.024817385,
0.457,38,14,5,47,0.11627907,0.229508197,,0.024817385,
0.458,38,14,5,47,0.11627907,0.229508197,,0.024817385,
0.459,38,14,5,47,0.11627907,0.229508197,,0.024817385,
0.46,38,14,5,47,0.11627907,0.229508197,,0.024817385,
0.461,38,14,5,47,0.11627907,0.229508197,,0.024817385,
0.462,38,14,5,47,0.11627907,0.229508197,,0.024817385,
0.463,38,14,5,47,0.11627907,0.229508197,,0.024817385,
0.464,38,14,5,47,0.11627907,0.229508197,,0.024817385,
0.465,38,14,5,47,0.11627907,0.229508197,,0.024817385,
0.466,38,14,5,47,0.11627907,0.229508197,,0.024817385,
0.467,38,14,5,47,0.11627907,0.229508197,,0.024817385,
0.468,38,14,5,47,0.11627907,0.229508197,,0.024817385,
0.469,38,14,5,47,0.11627907,0.229508197,,0.024817385,
0.47,38,14,5,47,0.11627907,0.229508197,,0.024817385,
0.471,38,14,5,47,0.11627907,0.229508197,,0.024817385,
0.472,38,14,5,47,0.11627907,0.229508197,,0.024817385,
0.473,38,14,5,47,0.11627907,0.229508197,,0.024817385,
0.474,38,14,5,47,0.11627907,0.229508197,,0.024817385,
0.475,37,14,6,47,0.139534884,0.229508197,,0.025282501,
0.476,37,14,6,47,0.139534884,0.229508197,,0.025282501,
0.477,37,14,6,47,0.139534884,0.229508197,,0.025282501,
0.478,37,14,6,47,0.139534884,0.229508197,,0.025282501,
0.479,37,13,6,48,0.139534884,0.213114754,,0.023675944,
0.48,37,13,6,48,0.139534884,0.213114754,,0.023675944,
0.481,36,13,7,48,0.162790698,0.213114754,,0.02414106,
0.482,36,13,7,48,0.162790698,0.213114754,,0.02414106,
0.483,36,13,7,48,0.162790698,0.213114754,,0.02414106,
0.484,36,13,7,48,0.162790698,0.213114754,,0.02414106,
0.485,36,13,7,48,0.162790698,0.213114754,,0.02414106,
0.486,36,13,7,48,0.162790698,0.213114754,,0.02414106,
0.487,36,13,7,48,0.162790698,0.213114754,,0.02414106,
0.488,36,13,7,48,0.162790698,0.213114754,,0.02414106,
0.489,36,13,7,48,0.162790698,0.213114754,,0.02414106,
0.49,36,13,7,48,0.162790698,0.213114754,,0.02414106,
0.491,36,13,7,48,0.162790698,0.213114754,,0.02414106,
0.492,36,12,7,49,0.162790698,0.196721311,,0.022534502,
0.493,36,12,7,49,0.162790698,0.196721311,,0.022534502,
0.494,36,11,7,50,0.162790698,0.180327869,,0.020927945,
0.495,36,11,7,50,0.162790698,0.180327869,,0.020927945,
0.496,36,11,7,50,0.162790698,0.180327869,,0.020927945,
0.497,36,11,7,50,0.162790698,0.180327869,,0.020927945,
0.498,36,11,7,50,0.162790698,0.180327869,,0.020927945,
0.499,36,11,7,50,0.162790698,0.180327869,,0.020927945,
0.5,36,11,7,50,0.162790698,0.180327869,,0.020927945,
0.501,36,11,7,50,0.162790698,0.180327869,,0.020927945,
0.502,36,11,7,50,0.162790698,0.180327869,,0.020927945,
0.503,36,11,7,50,0.162790698,0.180327869,,0.020927945,
0.504,36,11,7,50,0.162790698,0.180327869,,0.020927945,
0.505,36,11,7,50,0.162790698,0.180327869,,0.020927945,
0.506,35,11,8,50,0.186046512,0.180327869,,0.021393061,
0.507,35,11,8,50,0.186046512,0.180327869,,0.021393061,
0.508,35,11,8,50,0.186046512,0.180327869,,0.021393061,
0.509,35,11,8,50,0.186046512,0.180327869,,0.021393061,
0.51,35,11,8,50,0.186046512,0.180327869,,0.021393061,
0.511,35,11,8,50,0.186046512,0.180327869,,0.021393061,
0.512,35,11,8,50,0.186046512,0.180327869,,0.021393061,
0.513,35,11,8,50,0.186046512,0.180327869,,0.021393061,
0.514,35,11,8,50,0.186046512,0.180327869,,0.021393061,
0.515,35,11,8,50,0.186046512,0.180327869,,0.021393061,
0.516,35,11,8,50,0.186046512,0.180327869,,0.021393061,
0.517,35,11,8,50,0.186046512,0.180327869,,0.021393061,
0.518,35,11,8,50,0.186046512,0.180327869,,0.021393061,
0.519,35,11,8,50,0.186046512,0.180327869,,0.021393061,
0.52,35,11,8,50,0.186046512,0.180327869,,0.021393061,
0.521,35,11,8,50,0.186046512,0.180327869,,0.021393061,
0.522,35,11,8,50,0.186046512,0.180327869,,0.021393061,
0.523,35,11,8,50,0.186046512,0.180327869,,0.021393061,
0.524,35,11,8,50,0.186046512,0.180327869,,0.021393061,
0.525,35,11,8,50,0.186046512,0.180327869,,0.021393061,
0.526,35,11,8,50,0.186046512,0.180327869,,0.021393061,
0.527,35,11,8,50,0.186046512,0.180327869,,0.021393061,
0.528,35,10,8,51,0.186046512,0.163934426,,0.019786504,
0.529,35,10,8,51,0.186046512,0.163934426,,0.019786504,
0.53,35,10,8,51,0.186046512,0.163934426,,0.019786504,
0.531,35,10,8,51,0.186046512,0.163934426,,0.019786504,
0.532,35,10,8,51,0.186046512,0.163934426,,0.019786504,
0.533,35,10,8,51,0.186046512,0.163934426,,0.019786504,
0.534,34,10,9,51,0.209302326,0.163934426,,0.02025162,
0.535,34,10,9,51,0.209302326,0.163934426,,0.02025162,
0.536,34,10,9,51,0.209302326,0.163934426,,0.02025162,
0.537,34,10,9,51,0.209302326,0.163934426,,0.02025162,
0.538,34,10,9,51,0.209302326,0.163934426,,0.02025162,
0.539,34,10,9,51,0.209302326,0.163934426,,0.02025162,
0.54,34,10,9,51,0.209302326,0.163934426,,0.02025162,
0.541,34,10,9,51,0.209302326,0.163934426,,0.02025162,
0.542,34,10,9,51,0.209302326,0.163934426,,0.02025162,
0.543,34,10,9,51,0.209302326,0.163934426,,0.02025162,
0.544,34,10,9,51,0.209302326,0.163934426,,0.02025162,
0.545,34,10,9,51,0.209302326,0.163934426,,0.02025162,
0.546,34,10,9,51,0.209302326,0.163934426,,0.02025162,
0.547,33,10,10,51,0.23255814,0.163934426,,0.020716737,
0.548,33,10,10,51,0.23255814,0.163934426,,0.020716737,
0.549,32,10,11,51,0.255813953,0.163934426,,0.021181853,
0.55,31,9,12,52,0.279069767,0.147540984,,0.020040412,
0.551,31,9,12,52,0.279069767,0.147540984,,0.020040412,
0.552,31,9,12,52,0.279069767,0.147540984,,0.020040412,
0.553,30,9,13,52,0.302325581,0.147540984,,0.020505528,
0.554,30,9,13,52,0.302325581,0.147540984,,0.020505528,
0.555,30,9,13,52,0.302325581,0.147540984,,0.020505528,
0.556,30,9,13,52,0.302325581,0.147540984,,0.020505528,
0.557,30,9,13,52,0.302325581,0.147540984,,0.020505528,
0.558,30,9,13,52,0.302325581,0.147540984,,0.020505528,
0.559,29,9,14,52,0.325581395,0.147540984,,0.020970644,
0.56,29,8,14,53,0.325581395,0.131147541,,0.019364087,
0.561,29,8,14,53,0.325581395,0.131147541,,0.019364087,
0.562,29,8,14,53,0.325581395,0.131147541,,0.019364087,
0.563,29,8,14,53,0.325581395,0.131147541,,0.019364087,
0.564,29,8,14,53,0.325581395,0.131147541,,0.019364087,
0.565,29,7,14,54,0.325581395,0.114754098,,0.01775753,
0.566,29,7,14,54,0.325581395,0.114754098,,0.01775753,
0.567,29,7,14,54,0.325581395,0.114754098,,0.01775753,
0.568,29,7,14,54,0.325581395,0.114754098,,0.01775753,
0.569,29,7,14,54,0.325581395,0.114754098,,0.01775753,
0.57,29,7,14,54,0.325581395,0.114754098,,0.01775753,
0.571,29,7,14,54,0.325581395,0.114754098,,0.01775753,
0.572,28,7,15,54,0.348837209,0.114754098,,0.018222646,
0.573,28,7,15,54,0.348837209,0.114754098,,0.018222646,
0.574,28,7,15,54,0.348837209,0.114754098,,0.018222646,
0.575,28,7,15,54,0.348837209,0.114754098,,0.018222646,
0.576,28,7,15,54,0.348837209,0.114754098,,0.018222646,
0.577,28,7,15,54,0.348837209,0.114754098,,0.018222646,
0.578,28,7,15,54,0.348837209,0.114754098,,0.018222646,
0.579,28,7,15,54,0.348837209,0.114754098,,0.018222646,
0.58,28,7,15,54,0.348837209,0.114754098,,0.018222646,
0.581,28,7,15,54,0.348837209,0.114754098,,0.018222646,
0.582,28,7,15,54,0.348837209,0.114754098,,0.018222646,
0.583,28,7,15,54,0.348837209,0.114754098,,0.018222646,
0.584,28,7,15,54,0.348837209,0.114754098,,0.018222646,
0.585,28,7,15,54,0.348837209,0.114754098,,0.018222646,
0.586,28,7,15,54,0.348837209,0.114754098,,0.018222646,
0.587,28,7,15,54,0.348837209,0.114754098,,0.018222646,
0.588,28,7,15,54,0.348837209,0.114754098,,0.018222646,
0.589,28,7,15,54,0.348837209,0.114754098,,0.018222646,
0.59,28,6,15,55,0.348837209,0.098360656,,0.016616088,
0.591,28,6,15,55,0.348837209,0.098360656,,0.016616088,
0.592,28,6,15,55,0.348837209,0.098360656,,0.016616088,
0.593,27,6,16,55,0.372093023,0.098360656,,0.017081205,
0.594,27,6,16,55,0.372093023,0.098360656,,0.017081205,
0.595,26,6,17,55,0.395348837,0.098360656,,0.017546321,
0.596,25,6,18,55,0.418604651,0.098360656,,0.018011437,
0.597,25,6,18,55,0.418604651,0.098360656,,0.018011437,
0.598,25,6,18,55,0.418604651,0.098360656,,0.018011437,
0.599,25,6,18,55,0.418604651,0.098360656,,0.018011437,
0.6,25,6,18,55,0.418604651,0.098360656,,0.018011437,
0.601,25,6,18,55,0.418604651,0.098360656,,0.018011437,
0.602,24,6,19,55,0.441860465,0.098360656,,0.018476554,
0.603,24,6,19,55,0.441860465,0.098360656,,0.018476554,
0.604,24,6,19,55,0.441860465,0.098360656,,0.018476554,
0.605,24,6,19,55,0.441860465,0.098360656,,0.018476554,
0.606,24,5,19,56,0.441860465,0.081967213,,0.016869996,
0.607,24,4,19,57,0.441860465,0.06557377,,0.015263439,
0.608,24,4,19,57,0.441860465,0.06557377,,0.015263439,
0.609,24,4,19,57,0.441860465,0.06557377,,0.015263439,
0.61,24,4,19,57,0.441860465,0.06557377,,0.015263439,
0.611,24,4,19,57,0.441860465,0.06557377,,0.015263439,
0.612,24,4,19,57,0.441860465,0.06557377,,0.015263439,
0.613,24,4,19,57,0.441860465,0.06557377,,0.015263439,
0.614,24,4,19,57,0.441860465,0.06557377,,0.015263439,
0.615,24,4,19,57,0.441860465,0.06557377,,0.015263439,
0.616,24,4,19,57,0.441860465,0.06557377,,0.015263439,
0.617,24,4,19,57,0.441860465,0.06557377,,0.015263439,
0.618,24,4,19,57,0.441860465,0.06557377,,0.015263439,
0.619,24,4,19,57,0.441860465,0.06557377,,0.015263439,
0.62,23,4,20,57,0.465116279,0.06557377,,0.015728555,
0.621,23,4,20,57,0.465116279,0.06557377,,0.015728555,
0.622,23,4,20,57,0.465116279,0.06557377,,0.015728555,
0.623,23,4,20,57,0.465116279,0.06557377,,0.015728555,
0.624,23,4,20,57,0.465116279,0.06557377,,0.015728555,
0.625,23,4,20,57,0.465116279,0.06557377,,0.015728555,
0.626,23,4,20,57,0.465116279,0.06557377,,0.015728555,
0.627,23,4,20,57,0.465116279,0.06557377,,0.015728555,
0.628,23,4,20,57,0.465116279,0.06557377,,0.015728555,
0.629,23,4,20,57,0.465116279,0.06557377,,0.015728555,
0.63,23,4,20,57,0.465116279,0.06557377,,0.015728555,
0.631,23,4,20,57,0.465116279,0.06557377,,0.015728555,
0.632,23,4,20,57,0.465116279,0.06557377,,0.015728555,
0.633,23,4,20,57,0.465116279,0.06557377,,0.015728555,
0.634,23,4,20,57,0.465116279,0.06557377,,0.015728555,
0.635,23,4,20,57,0.465116279,0.06557377,,0.015728555,
0.636,23,4,20,57,0.465116279,0.06557377,,0.015728555,
0.637,23,4,20,57,0.465116279,0.06557377,,0.015728555,
0.638,23,3,20,58,0.465116279,0.049180328,,0.014121998,
0.639,23,3,20,58,0.465116279,0.049180328,,0.014121998,
0.64,22,3,21,58,0.488372093,0.049180328,,0.014587114,
0.641,22,3,21,58,0.488372093,0.049180328,,0.014587114,
0.642,22,3,21,58,0.488372093,0.049180328,,0.014587114,
0.643,22,3,21,58,0.488372093,0.049180328,,0.014587114,
0.644,22,3,21,58,0.488372093,0.049180328,,0.014587114,
0.645,22,3,21,58,0.488372093,0.049180328,,0.014587114,
0.646,22,3,21,58,0.488372093,0.049180328,,0.014587114,
0.647,22,3,21,58,0.488372093,0.049180328,,0.014587114,
0.648,22,3,21,58,0.488372093,0.049180328,,0.014587114,
0.649,22,3,21,58,0.488372093,0.049180328,,0.014587114,
0.65,22,3,21,58,0.488372093,0.049180328,,0.014587114,
0.651,22,3,21,58,0.488372093,0.049180328,,0.014587114,
0.652,22,3,21,58,0.488372093,0.049180328,,0.014587114,
0.653,22,3,21,58,0.488372093,0.049180328,,0.014587114,
0.654,22,3,21,58,0.488372093,0.049180328,,0.014587114,
0.655,22,3,21,58,0.488372093,0.049180328,,0.014587114,
0.656,22,3,21,58,0.488372093,0.049180328,,0.014587114,
0.657,22,3,21,58,0.488372093,0.049180328,,0.014587114,
0.658,22,3,21,58,0.488372093,0.049180328,,0.014587114,
0.659,22,3,21,58,0.488372093,0.049180328,,0.014587114,
0.66,22,3,21,58,0.488372093,0.049180328,,0.014587114,
0.661,22,3,21,58,0.488372093,0.049180328,,0.014587114,
0.662,22,3,21,58,0.488372093,0.049180328,,0.014587114,
0.663,22,3,21,58,0.488372093,0.049180328,,0.014587114,
0.664,21,3,22,58,0.511627907,0.049180328,,0.01505223,
0.665,21,3,22,58,0.511627907,0.049180328,,0.01505223,
0.666,21,3,22,58,0.511627907,0.049180328,,0.01505223,
0.667,21,2,22,59,0.511627907,0.032786885,,0.013445673,
0.668,21,2,22,59,0.511627907,0.032786885,,0.013445673,
0.669,21,2,22,59,0.511627907,0.032786885,,0.013445673,
0.67,21,2,22,59,0.511627907,0.032786885,,0.013445673,
0.671,21,2,22,59,0.511627907,0.032786885,,0.013445673,
0.672,21,2,22,59,0.511627907,0.032786885,,0.013445673,
0.673,21,2,22,59,0.511627907,0.032786885,,0.013445673,
0.674,21,2,22,59,0.511627907,0.032786885,,0.013445673,
0.675,21,2,22,59,0.511627907,0.032786885,,0.013445673,
0.676,20,2,23,59,0.534883721,0.032786885,,0.013910789,
0.677,20,2,23,59,0.534883721,0.032786885,,0.013910789,
0.678,20,2,23,59,0.534883721,0.032786885,,0.013910789,
0.679,20,2,23,59,0.534883721,0.032786885,,0.013910789,
0.68,20,2,23,59,0.534883721,0.032786885,,0.013910789,
0.681,20,2,23,59,0.534883721,0.032786885,,0.013910789,
0.682,20,2,23,59,0.534883721,0.032786885,,0.013910789,
0.683,20,2,23,59,0.534883721,0.032786885,,0.013910789,
0.684,20,2,23,59,0.534883721,0.032786885,,0.013910789,
0.685,20,2,23,59,0.534883721,0.032786885,,0.013910789,
0.686,20,2,23,59,0.534883721,0.032786885,,0.013910789,
0.687,20,2,23,59,0.534883721,0.032786885,,0.013910789,
0.688,20,2,23,59,0.534883721,0.032786885,,0.013910789,
0.689,20,2,23,59,0.534883721,0.032786885,,0.013910789,
0.69,19,2,24,59,0.558139535,0.032786885,,0.014375905,
0.691,19,2,24,59,0.558139535,0.032786885,,0.014375905,
0.692,19,2,24,59,0.558139535,0.032786885,,0.014375905,
0.693,19,2,24,59,0.558139535,0.032786885,,0.014375905,
0.694,19,2,24,59,0.558139535,0.032786885,,0.014375905,
0.695,19,2,24,59,0.558139535,0.032786885,,0.014375905,
0.696,19,2,24,59,0.558139535,0.032786885,,0.014375905,
0.697,19,2,24,59,0.558139535,0.032786885,,0.014375905,
0.698,19,2,24,59,0.558139535,0.032786885,,0.014375905,
0.699,17,2,26,59,0.604651163,0.032786885,,0.015306138,
0.7,17,2,26,59,0.604651163,0.032786885,,0.015306138,
0.701,17,2,26,59,0.604651163,0.032786885,,0.015306138,
0.702,17,2,26,59,0.604651163,0.032786885,,0.015306138,
0.703,17,2,26,59,0.604651163,0.032786885,,0.015306138,
0.704,17,2,26,59,0.604651163,0.032786885,,0.015306138,
0.705,17,2,26,59,0.604651163,0.032786885,,0.015306138,
0.706,17,2,26,59,0.604651163,0.032786885,,0.015306138,
0.707,17,2,26,59,0.604651163,0.032786885,,0.015306138,
0.708,17,2,26,59,0.604651163,0.032786885,,0.015306138,
0.709,17,2,26,59,0.604651163,0.032786885,,0.015306138,
0.71,17,2,26,59,0.604651163,0.032786885,,0.015306138,
0.711,16,2,27,59,0.627906977,0.032786885,,0.015771254,
0.712,16,2,27,59,0.627906977,0.032786885,,0.015771254,
0.713,15,2,28,59,0.651162791,0.032786885,,0.016236371,
0.714,14,2,29,59,0.674418605,0.032786885,,0.016701487,
0.715,14,2,29,59,0.674418605,0.032786885,,0.016701487,
0.716,14,2,29,59,0.674418605,0.032786885,,0.016701487,
0.717,14,2,29,59,0.674418605,0.032786885,,0.016701487,
0.718,13,2,30,59,0.697674419,0.032786885,,0.017166603,
0.719,13,1,30,60,0.697674419,0.016393443,,0.015560046,
0.72,13,1,30,60,0.697674419,0.016393443,,0.015560046,
0.721,13,1,30,60,0.697674419,0.016393443,,0.015560046,
0.722,13,1,30,60,0.697674419,0.016393443,,0.015560046,
0.723,13,1,30,60,0.697674419,0.016393443,,0.015560046,
0.724,13,1,30,60,0.697674419,0.016393443,,0.015560046,
0.725,13,1,30,60,0.697674419,0.016393443,,0.015560046,
0.726,12,1,31,60,0.720930233,0.016393443,,0.016025162,
0.727,12,1,31,60,0.720930233,0.016393443,,0.016025162,
0.728,11,1,32,60,0.744186047,0.016393443,,0.016490278,
0.729,11,1,32,60,0.744186047,0.016393443,,0.016490278,
0.73,11,1,32,60,0.744186047,0.016393443,,0.016490278,
0.731,11,1,32,60,0.744186047,0.016393443,,0.016490278,
0.732,11,1,32,60,0.744186047,0.016393443,,0.016490278,
0.733,11,1,32,60,0.744186047,0.016393443,,0.016490278,
0.734,11,1,32,60,0.744186047,0.016393443,,0.016490278,
0.735,11,1,32,60,0.744186047,0.016393443,,0.016490278,
0.736,11,1,32,60,0.744186047,0.016393443,,0.016490278,
0.737,11,1,32,60,0.744186047,0.016393443,,0.016490278,
0.738,11,1,32,60,0.744186047,0.016393443,,0.016490278,
0.739,10,1,33,60,0.76744186,0.016393443,,0.016955395,
0.74,10,1,33,60,0.76744186,0.016393443,,0.016955395,
0.741,10,1,33,60,0.76744186,0.016393443,,0.016955395,
0.742,10,1,33,60,0.76744186,0.016393443,,0.016955395,
0.743,9,1,34,60,0.790697674,0.016393443,,0.017420511,
0.744,9,1,34,60,0.790697674,0.016393443,,0.017420511,
0.745,9,1,34,60,0.790697674,0.016393443,,0.017420511,
0.746,9,1,34,60,0.790697674,0.016393443,,0.017420511,
0.747,9,1,34,60,0.790697674,0.016393443,,0.017420511,
0.748,8,1,35,60,0.813953488,0.016393443,,0.017885627,
0.749,8,1,35,60,0.813953488,0.016393443,,0.017885627,
0.75,8,1,35,60,0.813953488,0.016393443,,0.017885627,
0.751,8,1,35,60,0.813953488,0.016393443,,0.017885627,
0.752,8,1,35,60,0.813953488,0.016393443,,0.017885627,
0.753,8,1,35,60,0.813953488,0.016393443,,0.017885627,
0.754,8,1,35,60,0.813953488,0.016393443,,0.017885627,
0.755,8,1,35,60,0.813953488,0.016393443,,0.017885627,
0.756,8,1,35,60,0.813953488,0.016393443,,0.017885627,
0.757,8,1,35,60,0.813953488,0.016393443,,0.017885627,
0.758,8,1,35,60,0.813953488,0.016393443,,0.017885627,
0.759,8,1,35,60,0.813953488,0.016393443,,0.017885627,
0.76,8,1,35,60,0.813953488,0.016393443,,0.017885627,
0.761,8,1,35,60,0.813953488,0.016393443,,0.017885627,
0.762,8,1,35,60,0.813953488,0.016393443,,0.017885627,
0.763,8,1,35,60,0.813953488,0.016393443,,0.017885627,
0.764,8,1,35,60,0.813953488,0.016393443,,0.017885627,
0.765,8,1,35,60,0.813953488,0.016393443,,0.017885627,
0.766,8,1,35,60,0.813953488,0.016393443,,0.017885627,
0.767,8,1,35,60,0.813953488,0.016393443,,0.017885627,
0.768,7,1,36,60,0.837209302,0.016393443,,0.018350743,
0.769,7,1,36,60,0.837209302,0.016393443,,0.018350743,
0.77,7,1,36,60,0.837209302,0.016393443,,0.018350743,
0.771,7,1,36,60,0.837209302,0.016393443,,0.018350743,
0.772,7,1,36,60,0.837209302,0.016393443,,0.018350743,
0.773,7,1,36,60,0.837209302,0.016393443,,0.018350743,
0.774,6,1,37,60,0.860465116,0.016393443,,0.01881586,
0.775,6,1,37,60,0.860465116,0.016393443,,0.01881586,
0.776,6,1,37,60,0.860465116,0.016393443,,0.01881586,
0.777,6,1,37,60,0.860465116,0.016393443,,0.01881586,
0.778,6,1,37,60,0.860465116,0.016393443,,0.01881586,
0.779,6,1,37,60,0.860465116,0.016393443,,0.01881586,
0.78,5,1,38,60,0.88372093,0.016393443,,0.019280976,
0.781,5,1,38,60,0.88372093,0.016393443,,0.019280976,
0.782,5,1,38,60,0.88372093,0.016393443,,0.019280976,
0.783,5,1,38,60,0.88372093,0.016393443,,0.019280976,
0.784,5,1,38,60,0.88372093,0.016393443,,0.019280976,
0.785,5,1,38,60,0.88372093,0.016393443,,0.019280976,
0.786,5,0,38,61,0.88372093,0,,0.017674419,
0.787,5,0,38,61,0.88372093,0,,0.017674419,
0.788,5,0,38,61,0.88372093,0,,0.017674419,
0.789,5,0,38,61,0.88372093,0,,0.017674419,
0.79,5,0,38,61,0.88372093,0,,0.017674419,
0.791,5,0,38,61,0.88372093,0,,0.017674419,
0.792,4,0,39,61,0.906976744,0,,0.018139535,
0.793,4,0,39,61,0.906976744,0,,0.018139535,
0.794,4,0,39,61,0.906976744,0,,0.018139535,
0.795,4,0,39,61,0.906976744,0,,0.018139535,
0.796,4,0,39,61,0.906976744,0,,0.018139535,
0.797,4,0,39,61,0.906976744,0,,0.018139535,
0.798,4,0,39,61,0.906976744,0,,0.018139535,
0.799,4,0,39,61,0.906976744,0,,0.018139535,
0.8,4,0,39,61,0.906976744,0,,0.018139535,
0.801,4,0,39,61,0.906976744,0,,0.018139535,
0.802,4,0,39,61,0.906976744,0,,0.018139535,
0.803,4,0,39,61,0.906976744,0,,0.018139535,
0.804,4,0,39,61,0.906976744,0,,0.018139535,
0.805,4,0,39,61,0.906976744,0,,0.018139535,
0.806,4,0,39,61,0.906976744,0,,0.018139535,
0.807,4,0,39,61,0.906976744,0,,0.018139535,
0.808,4,0,39,61,0.906976744,0,,0.018139535,
0.809,4,0,39,61,0.906976744,0,,0.018139535,
0.81,4,0,39,61,0.906976744,0,,0.018139535,
0.811,4,0,39,61,0.906976744,0,,0.018139535,
0.812,4,0,39,61,0.906976744,0,,0.018139535,
0.813,4,0,39,61,0.906976744,0,,0.018139535,
0.814,4,0,39,61,0.906976744,0,,0.018139535,
0.815,4,0,39,61,0.906976744,0,,0.018139535,
0.816,4,0,39,61,0.906976744,0,,0.018139535,
0.817,4,0,39,61,0.906976744,0,,0.018139535,
0.818,4,0,39,61,0.906976744,0,,0.018139535,
0.819,4,0,39,61,0.906976744,0,,0.018139535,
0.82,4,0,39,61,0.906976744,0,,0.018139535,
0.821,4,0,39,61,0.906976744,0,,0.018139535,
0.822,4,0,39,61,0.906976744,0,,0.018139535,
0.823,4,0,39,61,0.906976744,0,,0.018139535,
0.824,4,0,39,61,0.906976744,0,,0.018139535,
0.825,4,0,39,61,0.906976744,0,,0.018139535,
0.826,4,0,39,61,0.906976744,0,,0.018139535,
0.827,4,0,39,61,0.906976744,0,,0.018139535,
0.828,4,0,39,61,0.906976744,0,,0.018139535,
0.829,4,0,39,61,0.906976744,0,,0.018139535,
0.83,4,0,39,61,0.906976744,0,,0.018139535,
0.831,4,0,39,61,0.906976744,0,,0.018139535,
0.832,4,0,39,61,0.906976744,0,,0.018139535,
0.833,4,0,39,61,0.906976744,0,,0.018139535,
0.834,4,0,39,61,0.906976744,0,,0.018139535,
0.835,4,0,39,61,0.906976744,0,,0.018139535,
0.836,4,0,39,61,0.906976744,0,,0.018139535,
0.837,4,0,39,61,0.906976744,0,,0.018139535,
0.838,4,0,39,61,0.906976744,0,,0.018139535,
0.839,4,0,39,61,0.906976744,0,,0.018139535,
0.84,4,0,39,61,0.906976744,0,,0.018139535,
0.841,4,0,39,61,0.906976744,0,,0.018139535,
0.842,4,0,39,61,0.906976744,0,,0.018139535,
0.843,4,0,39,61,0.906976744,0,,0.018139535,
0.844,4,0,39,61,0.906976744,0,,0.018139535,
0.845,4,0,39,61,0.906976744,0,,0.018139535,
0.846,4,0,39,61,0.906976744,0,,0.018139535,
0.847,4,0,39,61,0.906976744,0,,0.018139535,
0.848,4,0,39,61,0.906976744,0,,0.018139535,
0.849,4,0,39,61,0.906976744,0,,0.018139535,
0.85,4,0,39,61,0.906976744,0,,0.018139535,
0.851,4,0,39,61,0.906976744,0,,0.018139535,
0.852,4,0,39,61,0.906976744,0,,0.018139535,
0.853,4,0,39,61,0.906976744,0,,0.018139535,
0.854,4,0,39,61,0.906976744,0,,0.018139535,
0.855,4,0,39,61,0.906976744,0,,0.018139535,
0.856,4,0,39,61,0.906976744,0,,0.018139535,
0.857,4,0,39,61,0.906976744,0,,0.018139535,
0.858,4,0,39,61,0.906976744,0,,0.018139535,
0.859,4,0,39,61,0.906976744,0,,0.018139535,
0.86,4,0,39,61,0.906976744,0,,0.018139535,
0.861,4,0,39,61,0.906976744,0,,0.018139535,
0.862,4,0,39,61,0.906976744,0,,0.018139535,
0.863,4,0,39,61,0.906976744,0,,0.018139535,
0.864,4,0,39,61,0.906976744,0,,0.018139535,
0.865,4,0,39,61,0.906976744,0,,0.018139535,
0.866,4,0,39,61,0.906976744,0,,0.018139535,
0.867,4,0,39,61,0.906976744,0,,0.018139535,
0.868,3,0,40,61,0.930232558,0,,0.018604651,
0.869,3,0,40,61,0.930232558,0,,0.018604651,
0.87,3,0,40,61,0.930232558,0,,0.018604651,
0.871,3,0,40,61,0.930232558,0,,0.018604651,
0.872,3,0,40,61,0.930232558,0,,0.018604651,
0.873,3,0,40,61,0.930232558,0,,0.018604651,
0.874,3,0,40,61,0.930232558,0,,0.018604651,
0.875,3,0,40,61,0.930232558,0,,0.018604651,
0.876,3,0,40,61,0.930232558,0,,0.018604651,
0.877,3,0,40,61,0.930232558,0,,0.018604651,
0.878,3,0,40,61,0.930232558,0,,0.018604651,
0.879,3,0,40,61,0.930232558,0,,0.018604651,
0.88,3,0,40,61,0.930232558,0,,0.018604651,
0.881,3,0,40,61,0.930232558,0,,0.018604651,
0.882,3,0,40,61,0.930232558,0,,0.018604651,
0.883,3,0,40,61,0.930232558,0,,0.018604651,
0.884,3,0,40,61,0.930232558,0,,0.018604651,
0.885,3,0,40,61,0.930232558,0,,0.018604651,
0.886,3,0,40,61,0.930232558,0,,0.018604651,
0.887,3,0,40,61,0.930232558,0,,0.018604651,
0.888,3,0,40,61,0.930232558,0,,0.018604651,
0.889,3,0,40,61,0.930232558,0,,0.018604651,
0.89,3,0,40,61,0.930232558,0,,0.018604651,
0.891,3,0,40,61,0.930232558,0,,0.018604651,
0.892,2,0,41,61,0.953488372,0,,0.019069767,
0.893,2,0,41,61,0.953488372,0,,0.019069767,
0.894,2,0,41,61,0.953488372,0,,0.019069767,
0.895,2,0,41,61,0.953488372,0,,0.019069767,
0.896,2,0,41,61,0.953488372,0,,0.019069767,
0.897,2,0,41,61,0.953488372,0,,0.019069767,
0.898,2,0,41,61,0.953488372,0,,0.019069767,
0.899,2,0,41,61,0.953488372,0,,0.019069767,
0.9,2,0,41,61,0.953488372,0,,0.019069767,
0.901,2,0,41,61,0.953488372,0,,0.019069767,
0.902,2,0,41,61,0.953488372,0,,0.019069767,
0.903,2,0,41,61,0.953488372,0,,0.019069767,
0.904,2,0,41,61,0.953488372,0,,0.019069767,
0.905,2,0,41,61,0.953488372,0,,0.019069767,
0.906,2,0,41,61,0.953488372,0,,0.019069767,
0.907,2,0,41,61,0.953488372,0,,0.019069767,
0.908,2,0,41,61,0.953488372,0,,0.019069767,
0.909,2,0,41,61,0.953488372,0,,0.019069767,
0.91,2,0,41,61,0.953488372,0,,0.019069767,
0.911,2,0,41,61,0.953488372,0,,0.019069767,
0.912,2,0,41,61,0.953488372,0,,0.019069767,
0.913,2,0,41,61,0.953488372,0,,0.019069767,
0.914,2,0,41,61,0.953488372,0,,0.019069767,
0.915,2,0,41,61,0.953488372,0,,0.019069767,
0.916,2,0,41,61,0.953488372,0,,0.019069767,
0.917,2,0,41,61,0.953488372,0,,0.019069767,
0.918,2,0,41,61,0.953488372,0,,0.019069767,
0.919,2,0,41,61,0.953488372,0,,0.019069767,
0.92,2,0,41,61,0.953488372,0,,0.019069767,
0.921,0,0,43,61,1,0,,0.02,
0.922,0,0,43,61,1,0,,0.02,
0.923,0,0,43,61,1,0,,0.02,
0.924,0,0,43,61,1,0,,0.02,
0.925,0,0,43,61,1,0,,0.02,
0.926,0,0,43,61,1,0,,0.02,
0.927,0,0,43,61,1,0,,0.02,
0.928,0,0,43,61,1,0,,0.02,
0.929,0,0,43,61,1,0,,0.02,
0.93,0,0,43,61,1,0,,0.02,
0.931,0,0,43,61,1,0,,0.02,
0.932,0,0,43,61,1,0,,0.02,
0.933,0,0,43,61,1,0,,0.02,
0.934,0,0,43,61,1,0,,0.02,
0.935,0,0,43,61,1,0,,0.02,
0.936,0,0,43,61,1,0,,0.02,
0.937,0,0,43,61,1,0,,0.02,
0.938,0,0,43,61,1,0,,0.02,
0.939,0,0,43,61,1,0,,0.02,
0.94,0,0,43,61,1,0,,0.02,
0.941,0,0,43,61,1,0,,0.02,
0.942,0,0,43,61,1,0,,0.02,
0.943,0,0,43,61,1,0,,0.02,
0.944,0,0,43,61,1,0,,0.02,
0.945,0,0,43,61,1,0,,0.02,
0.946,0,0,43,61,1,0,,0.02,
0.947,0,0,43,61,1,0,,0.02,
0.948,0,0,43,61,1,0,,0.02,
0.949,0,0,43,61,1,0,,0.02,
0.95,0,0,43,61,1,0,,0.02,
0.951,0,0,43,61,1,0,,0.02,
0.952,0,0,43,61,1,0,,0.02,
0.953,0,0,43,61,1,0,,0.02,
0.954,0,0,43,61,1,0,,0.02,
0.955,0,0,43,61,1,0,,0.02,
0.956,0,0,43,61,1,0,,0.02,
0.957,0,0,43,61,1,0,,0.02,
0.958,0,0,43,61,1,0,,0.02,
0.959,0,0,43,61,1,0,,0.02,
0.96,0,0,43,61,1,0,,0.02,
0.961,0,0,43,61,1,0,,0.02,
0.962,0,0,43,61,1,0,,0.02,
0.963,0,0,43,61,1,0,,0.02,
0.964,0,0,43,61,1,0,,0.02,
0.965,0,0,43,61,1,0,,0.02,
0.966,0,0,43,61,1,0,,0.02,
0.967,0,0,43,61,1,0,,0.02,
0.968,0,0,43,61,1,0,,0.02,
0.969,0,0,43,61,1,0,,0.02,
0.97,0,0,43,61,1,0,,0.02,
0.971,0,0,43,61,1,0,,0.02,
0.972,0,0,43,61,1,0,,0.02,
0.973,0,0,43,61,1,0,,0.02,
0.974,0,0,43,61,1,0,,0.02,
0.975,0,0,43,61,1,0,,0.02,
0.976,0,0,43,61,1,0,,0.02,
0.977,0,0,43,61,1,0,,0.02,
0.978,0,0,43,61,1,0,,0.02,
0.979,0,0,43,61,1,0,,0.02,
0.98,0,0,43,61,1,0,,0.02,
0.981,0,0,43,61,1,0,,0.02,
0.982,0,0,43,61,1,0,,0.02,
0.983,0,0,43,61,1,0,,0.02,
0.984,0,0,43,61,1,0,,0.02,
0.985,0,0,43,61,1,0,,0.02,
0.986,0,0,43,61,1,0,,0.02,
0.987,0,0,43,61,1,0,,0.02,
0.988,0,0,43,61,1,0,,0.02,
0.989,0,0,43,61,1,0,,0.02,
0.99,0,0,43,61,1,0,,0.02,
0.991,0,0,43,61,1,0,,0.02,
0.992,0,0,43,61,1,0,,0.02,
0.993,0,0,43,61,1,0,,0.02,
0.994,0,0,43,61,1,0,,0.02,
0.995,0,0,43,61,1,0,,0.02,
0.996,0,0,43,61,1,0,,0.02,
0.997,0,0,43,61,1,0,,0.02,
0.998,0,0,43,61,1,0,,0.02,
0.999,0,0,43,61,1,0,,0.02,
1,0,0,43,61,1,0,,0.02,
