theta,true-positive,false-alarm,miss-detection,true-negative,p-miss,p-fa,costDet
0.0,43,61,0,0,0.0,1.0,0.098
0.001,43,50,0,11,0.0,0.819672131147541,0.08032786885245902
0.002,43,49,0,12,0.0,0.8032786885245902,0.07872131147540984
0.003,43,49,0,12,0.0,0.8032786885245902,0.07872131147540984
0.004,43,48,0,13,0.0,0.7868852459016393,0.07711475409836066
0.005,43,47,0,14,0.0,0.7704918032786885,0.07550819672131147
0.006,43,47,0,14,0.0,0.7704918032786885,0.07550819672131147
0.007,43,47,0,14,0.0,0.7704918032786885,0.07550819672131147
0.008,43,46,0,15,0.0,0.7540983606557377,0.0739016393442623
0.009,43,46,0,15,0.0,0.7540983606557377,0.0739016393442623
0.01,43,44,0,17,0.0,0.7213114754098361,0.07068852459016393
0.011,43,44,0,17,0.0,0.7213114754098361,0.07068852459016393
0.012,43,44,0,17,0.0,0.7213114754098361,0.07068852459016393
0.013,43,44,0,17,0.0,0.7213114754098361,0.07068852459016393
0.014,43,44,0,17,0.0,0.7213114754098361,0.07068852459016393
0.015,43,43,0,18,0.0,0.7049180327868853,0.06908196721311476
0.016,43,42,0,19,0.0,0.6885245901639344,0.06747540983606558
0.017,43,42,0,19,0.0,0.6885245901639344,0.06747540983606558
0.018,43,40,0,21,0.0,0.6557377049180327,0.06426229508196722
0.019,43,39,0,22,0.0,0.639344262295082,0.06265573770491804
0.02,43,39,0,22,0.0,0.639344262295082,0.06265573770491804
0.021,43,39,0,22,0.0,0.639344262295082,0.06265573770491804
0.022,43,39,0,22,0.0,0.639344262295082,0.06265573770491804
0.023,43,39,0,22,0.0,0.639344262295082,0.06265573770491804
0.024,43,39,0,22,0.0,0.639344262295082,0.06265573770491804
0.025,43,39,0,22,0.0,0.639344262295082,0.06265573770491804
0.026,43,38,0,23,0.0,0.6229508196721312,0.06104918032786885
0.027,43,38,0,23,0.0,0.6229508196721312,0.06104918032786885
0.028,43,38,0,23,0.0,0.6229508196721312,0.06104918032786885
0.029,43,38,0,23,0.0,0.6229508196721312,0.06104918032786885
0.03,43,38,0,23,0.0,0.6229508196721312,0.06104918032786885
0.031,43,37,0,24,0.0,0.6065573770491803,0.059442622950819674
0.032,43,37,0,24,0.0,0.6065573770491803,0.059442622950819674
0.033,43,37,0,24,0.0,0.6065573770491803,0.059442622950819674
0.034,43,37,0,24,0.0,0.6065573770491803,0.059442622950819674
0.035,43,37,0,24,0.0,0.6065573770491803,0.059442622950819674
0.036,43,37,0,24,0.0,0.6065573770491803,0.059442622950819674
0.037,43,36,0,25,0.0,0.5901639344262295,0.057836065573770495
0.038,43,36,0,25,0.0,0.5901639344262295,0.057836065573770495
0.039,43,36,0,25,0.0,0.5901639344262295,0.057836065573770495
0.04,43,36,0,25,0.0,0.5901639344262295,0.057836065573770495
0.041,43,35,0,26,0.0,0.5737704918032787,0.05622950819672131
0.042,43,35,0,26,0.0,0.5737704918032787,0.05622950819672131
0.043,43,35,0,26,0.0,0.5737704918032787,0.05622950819672131
0.044,43,34,0,27,0.0,0.5573770491803278,0.05462295081967213
0.045,43,34,0,27,0.0,0.5573770491803278,0.05462295081967213
0.046,43,34,0,27,0.0,0.5573770491803278,0.05462295081967213
0.047,43,34,0,27,0.0,0.5573770491803278,0.05462295081967213
0.048,43,33,0,28,0.0,0.5409836065573771,0.053016393442622954
0.049,43,32,0,29,0.0,0.5245901639344263,0.051409836065573776
0.05,43,32,0,29,0.0,0.5245901639344263,0.051409836065573776
0.051,43,32,0,29,0.0,0.5245901639344263,0.051409836065573776
0.052,43,31,0,30,0.0,0.5081967213114754,0.0498032786885246
0.053,43,31,0,30,0.0,0.5081967213114754,0.0498032786885246
0.054,43,31,0,30,0.0,0.5081967213114754,0.0498032786885246
0.055,43,31,0,30,0.0,0.5081967213114754,0.0498032786885246
0.056,43,31,0,30,0.0,0.5081967213114754,0.0498032786885246
0.057,43,31,0,30,0.0,0.5081967213114754,0.0498032786885246
0.058,43,31,0,30,0.0,0.5081967213114754,0.0498032786885246
0.059,43,31,0,30,0.0,0.5081967213114754,0.0498032786885246
0.06,43,30,0,31,0.0,0.4918032786885246,0.048196721311475406
0.061,43,30,0,31,0.0,0.4918032786885246,0.048196721311475406
0.062,43,30,0,31,0.0,0.4918032786885246,0.048196721311475406
0.063,43,30,0,31,0.0,0.4918032786885246,0.048196721311475406
0.064,43,30,0,31,0.0,0.4918032786885246,0.048196721311475406
0.065,43,30,0,31,0.0,0.4918032786885246,0.048196721311475406
0.066,43,30,0,31,0.0,0.4918032786885246,0.048196721311475406
0.067,43,30,0,31,0.0,0.4918032786885246,0.048196721311475406
0.068,43,30,0,31,0.0,0.4918032786885246,0.048196721311475406
0.069,43,30,0,31,0.0,0.4918032786885246,0.048196721311475406
0.07,43,30,0,31,0.0,0.4918032786885246,0.048196721311475406
0.071,43,30,0,31,0.0,0.4918032786885246,0.048196721311475406
0.072,43,30,0,31,0.0,0.4918032786885246,0.048196721311475406
0.073,43,30,0,31,0.0,0.4918032786885246,0.048196721311475406
0.074,43,30,0,31,0.0,0.4918032786885246,0.048196721311475406
0.075,43,29,0,32,0.0,0.47540983606557374,0.04659016393442623
0.076,43,29,0,32,0.0,0.47540983606557374,0.04659016393442623
0.077,43,28,0,33,0.0,0.45901639344262296,0.04498360655737706
0.078,43,28,0,33,0.0,0.45901639344262296,0.04498360655737706
0.079,43,28,0,33,0.0,0.45901639344262296,0.04498360655737706
0.08,43,28,0,33,0.0,0.45901639344262296,0.04498360655737706
0.081,43,28,0,33,0.0,0.45901639344262296,0.04498360655737706
0.082,43,28,0,33,0.0,0.45901639344262296,0.04498360655737706
0.083,43,27,0,34,0.0,0.4426229508196721,0.04337704918032787
0.084,43,27,0,34,0.0,0.4426229508196721,0.04337704918032787
0.085,43,27,0,34,0.0,0.4426229508196721,0.04337704918032787
0.086,43,26,0,35,0.0,0.4262295081967213,0.041770491803278686
0.087,43,26,0,35,0.0,0.4262295081967213,0.041770491803278686
0.088,43,26,0,35,0.0,0.4262295081967213,0.041770491803278686
0.089,43,26,0,35,0.0,0.4262295081967213,0.041770491803278686
0.09,43,26,0,35,0.0,0.4262295081967213,0.041770491803278686
0.091,43,26,0,35,0.0,0.4262295081967213,0.041770491803278686
0.092,43,26,0,35,0.0,0.4262295081967213,0.041770491803278686
0.093,43,26,0,35,0.0,0.4262295081967213,0.041770491803278686
0.094,43,25,0,36,0.0,0.4098360655737705,0.04016393442622951
0.095,43,25,0,36,0.0,0.4098360655737705,0.04016393442622951
0.096,43,25,0,36,0.0,0.4098360655737705,0.04016393442622951
0.097,43,25,0,36,0.0,0.4098360655737705,0.04016393442622951
0.098,43,25,0,36,0.0,0.4098360655737705,0.04016393442622951
0.099,43,23,0,38,0.0,0.3770491803278688,0.03695081967213115
0.1,43,23,0,38,0.0,0.3770491803278688,0.03695081967213115
0.101,43,23,0,38,0.0,0.3770491803278688,0.03695081967213115
0.102,43,23,0,38,0.0,0.3770491803278688,0.03695081967213115
0.103,43,23,0,38,0.0,0.3770491803278688,0.03695081967213115
0.104,43,23,0,38,0.0,0.3770491803278688,0.03695081967213115
0.105,43,23,0,38,0.0,0.3770491803278688,0.03695081967213115
0.106,43,23,0,38,0.0,0.3770491803278688,0.03695081967213115
0.107,43,23,0,38,0.0,0.3770491803278688,0.03695081967213115
0.108,43,23,0,38,0.0,0.3770491803278688,0.03695081967213115
0.109,43,23,0,38,0.0,0.3770491803278688,0.03695081967213115
0.11,43,22,0,39,0.0,0.36065573770491804,0.03534426229508197
0.111,43,22,0,39,0.0,0.36065573770491804,0.03534426229508197
0.112,43,22,0,39,0.0,0.36065573770491804,0.03534426229508197
0.113,43,22,0,39,0.0,0.36065573770491804,0.03534426229508197
0.114,43,21,0,40,0.0,0.3442622950819672,0.03373770491803279
0.115,43,21,0,40,0.0,0.3442622950819672,0.03373770491803279
0.116,43,21,0,40,0.0,0.3442622950819672,0.03373770491803279
0.117,43,21,0,40,0.0,0.3442622950819672,0.03373770491803279
0.118,43,21,0,40,0.0,0.3442622950819672,0.03373770491803279
0.119,43,21,0,40,0.0,0.3442622950819672,0.03373770491803279
0.12,43,21,0,40,0.0,0.3442622950819672,0.03373770491803279
0.121,43,21,0,40,0.0,0.3442622950819672,0.03373770491803279
0.122,43,21,0,40,0.0,0.3442622950819672,0.03373770491803279
0.123,43,21,0,40,0.0,0.3442622950819672,0.03373770491803279
0.124,43,21,0,40,0.0,0.3442622950819672,0.03373770491803279
0.125,43,21,0,40,0.0,0.3442622950819672,0.03373770491803279
0.126,43,21,0,40,0.0,0.3442622950819672,0.03373770491803279
0.127,43,21,0,40,0.0,0.3442622950819672,0.03373770491803279
0.128,43,21,0,40,0.0,0.3442622950819672,0.03373770491803279
0.129,43,21,0,40,0.0,0.3442622950819672,0.03373770491803279
0.13,43,21,0,40,0.0,0.3442622950819672,0.03373770491803279
0.131,43,21,0,40,0.0,0.3442622950819672,0.03373770491803279
0.132,43,21,0,40,0.0,0.3442622950819672,0.03373770491803279
0.133,43,21,0,40,0.0,0.3442622950819672,0.03373770491803279
0.134,43,21,0,40,0.0,0.3442622950819672,0.03373770491803279
0.135,43,21,0,40,0.0,0.3442622950819672,0.03373770491803279
0.136,43,21,0,40,0.0,0.3442622950819672,0.03373770491803279
0.137,43,21,0,40,0.0,0.3442622950819672,0.03373770491803279
0.138,43,21,0,40,0.0,0.3442622950819672,0.03373770491803279
0.139,43,21,0,40,0.0,0.3442622950819672,0.03373770491803279
0.14,43,21,0,40,0.0,0.3442622950819672,0.03373770491803279
0.141,43,21,0,40,0.0,0.3442622950819672,0.03373770491803279
0.142,43,21,0,40,0.0,0.3442622950819672,0.03373770491803279
0.143,43,21,0,40,0.0,0.3442622950819672,0.03373770491803279
0.144,43,21,0,40,0.0,0.3442622950819672,0.03373770491803279
0.145,43,21,0,40,0.0,0.3442622950819672,0.03373770491803279
0.146,43,21,0,40,0.0,0.3442622950819672,0.03373770491803279
0.147,43,20,0,41,0.0,0.32786885245901637,0.03213114754098361
0.148,43,20,0,41,0.0,0.32786885245901637,0.03213114754098361
0.149,43,20,0,41,0.0,0.32786885245901637,0.03213114754098361
0.15,43,20,0,41,0.0,0.32786885245901637,0.03213114754098361
0.151,43,20,0,41,0.0,0.32786885245901637,0.03213114754098361
0.152,43,20,0,41,0.0,0.32786885245901637,0.03213114754098361
0.153,43,20,0,41,0.0,0.32786885245901637,0.03213114754098361
0.154,43,20,0,41,0.0,0.32786885245901637,0.03213114754098361
0.155,43,20,0,41,0.0,0.32786885245901637,0.03213114754098361
0.156,43,20,0,41,0.0,0.32786885245901637,0.03213114754098361
0.157,43,20,0,41,0.0,0.32786885245901637,0.03213114754098361
0.158,43,20,0,41,0.0,0.32786885245901637,0.03213114754098361
0.159,43,20,0,41,0.0,0.32786885245901637,0.03213114754098361
0.16,43,20,0,41,0.0,0.32786885245901637,0.03213114754098361
0.161,43,20,0,41,0.0,0.32786885245901637,0.03213114754098361
0.162,43,20,0,41,0.0,0.32786885245901637,0.03213114754098361
0.163,43,20,0,41,0.0,0.32786885245901637,0.03213114754098361
0.164,43,20,0,41,0.0,0.32786885245901637,0.03213114754098361
0.165,43,19,0,42,0.0,0.3114754098360656,0.030524590163934426
0.166,43,19,0,42,0.0,0.3114754098360656,0.030524590163934426
0.167,43,19,0,42,0.0,0.3114754098360656,0.030524590163934426
0.168,43,19,0,42,0.0,0.3114754098360656,0.030524590163934426
0.169,43,19,0,42,0.0,0.3114754098360656,0.030524590163934426
0.17,43,19,0,42,0.0,0.3114754098360656,0.030524590163934426
0.171,43,19,0,42,0.0,0.3114754098360656,0.030524590163934426
0.172,43,19,0,42,0.0,0.3114754098360656,0.030524590163934426
0.173,43,19,0,42,0.0,0.3114754098360656,0.030524590163934426
0.174,43,19,0,42,0.0,0.3114754098360656,0.030524590163934426
0.175,43,19,0,42,0.0,0.3114754098360656,0.030524590163934426
0.176,43,19,0,42,0.0,0.3114754098360656,0.030524590163934426
0.177,43,19,0,42,0.0,0.3114754098360656,0.030524590163934426
0.178,43,19,0,42,0.0,0.3114754098360656,0.030524590163934426
0.179,43,19,0,42,0.0,0.3114754098360656,0.030524590163934426
0.18,43,19,0,42,0.0,0.3114754098360656,0.030524590163934426
0.181,43,19,0,42,0.0,0.3114754098360656,0.030524590163934426
0.182,43,19,0,42,0.0,0.3114754098360656,0.030524590163934426
0.183,43,19,0,42,0.0,0.3114754098360656,0.030524590163934426
0.184,43,19,0,42,0.0,0.3114754098360656,0.030524590163934426
0.185,43,19,0,42,0.0,0.3114754098360656,0.030524590163934426
0.186,43,19,0,42,0.0,0.3114754098360656,0.030524590163934426
0.187,43,19,0,42,0.0,0.3114754098360656,0.030524590163934426
0.188,43,19,0,42,0.0,0.3114754098360656,0.030524590163934426
0.189,43,19,0,42,0.0,0.3114754098360656,0.030524590163934426
0.19,43,19,0,42,0.0,0.3114754098360656,0.030524590163934426
0.191,43,19,0,42,0.0,0.3114754098360656,0.030524590163934426
0.192,43,19,0,42,0.0,0.3114754098360656,0.030524590163934426
0.193,43,19,0,42,0.0,0.3114754098360656,0.030524590163934426
0.194,43,19,0,42,0.0,0.3114754098360656,0.030524590163934426
0.195,43,19,0,42,0.0,0.3114754098360656,0.030524590163934426
0.196,43,19,0,42,0.0,0.3114754098360656,0.030524590163934426
0.197,43,19,0,42,0.0,0.3114754098360656,0.030524590163934426
0.198,43,19,0,42,0.0,0.3114754098360656,0.030524590163934426
0.199,43,19,0,42,0.0,0.3114754098360656,0.030524590163934426
0.2,43,19,0,42,0.0,0.3114754098360656,0.030524590163934426
0.201,43,19,0,42,0.0,0.3114754098360656,0.030524590163934426
0.202,43,19,0,42,0.0,0.3114754098360656,0.030524590163934426
0.203,43,19,0,42,0.0,0.3114754098360656,0.030524590163934426
0.204,43,19,0,42,0.0,0.3114754098360656,0.030524590163934426
0.205,43,19,0,42,0.0,0.3114754098360656,0.030524590163934426
0.206,43,19,0,42,0.0,0.3114754098360656,0.030524590163934426
0.207,43,19,0,42,0.0,0.3114754098360656,0.030524590163934426
0.208,43,19,0,42,0.0,0.3114754098360656,0.030524590163934426
0.209,43,19,0,42,0.0,0.3114754098360656,0.030524590163934426
0.21,43,19,0,42,0.0,0.3114754098360656,0.030524590163934426
0.211,43,19,0,42,0.0,0.3114754098360656,0.030524590163934426
0.212,43,19,0,42,0.0,0.3114754098360656,0.030524590163934426
0.213,43,19,0,42,0.0,0.3114754098360656,0.030524590163934426
0.214,43,19,0,42,0.0,0.3114754098360656,0.030524590163934426
0.215,43,19,0,42,0.0,0.3114754098360656,0.030524590163934426
0.216,43,19,0,42,0.0,0.3114754098360656,0.030524590163934426
0.217,43,19,0,42,0.0,0.3114754098360656,0.030524590163934426
0.218,43,19,0,42,0.0,0.3114754098360656,0.030524590163934426
0.219,43,19,0,42,0.0,0.3114754098360656,0.030524590163934426
0.22,43,19,0,42,0.0,0.3114754098360656,0.030524590163934426
0.221,43,19,0,42,0.0,0.3114754098360656,0.030524590163934426
0.222,43,19,0,42,0.0,0.3114754098360656,0.030524590163934426
0.223,43,19,0,42,0.0,0.3114754098360656,0.030524590163934426
0.224,43,19,0,42,0.0,0.3114754098360656,0.030524590163934426
0.225,43,19,0,42,0.0,0.3114754098360656,0.030524590163934426
0.226,43,19,0,42,0.0,0.3114754098360656,0.030524590163934426
0.227,43,19,0,42,0.0,0.3114754098360656,0.030524590163934426
0.228,43,19,0,42,0.0,0.3114754098360656,0.030524590163934426
0.229,43,19,0,42,0.0,0.3114754098360656,0.030524590163934426
0.23,43,19,0,42,0.0,0.3114754098360656,0.030524590163934426
0.231,43,18,0,43,0.0,0.29508196721311475,0.028918032786885248
0.232,43,18,0,43,0.0,0.29508196721311475,0.028918032786885248
0.233,43,18,0,43,0.0,0.29508196721311475,0.028918032786885248
0.234,43,18,0,43,0.0,0.29508196721311475,0.028918032786885248
0.235,43,18,0,43,0.0,0.29508196721311475,0.028918032786885248
0.236,43,18,0,43,0.0,0.29508196721311475,0.028918032786885248
0.237,43,18,0,43,0.0,0.29508196721311475,0.028918032786885248
0.238,43,18,0,43,0.0,0.29508196721311475,0.028918032786885248
0.239,43,18,0,43,0.0,0.29508196721311475,0.028918032786885248
0.24,43,18,0,43,0.0,0.29508196721311475,0.028918032786885248
0.241,43,18,0,43,0.0,0.29508196721311475,0.028918032786885248
0.242,43,18,0,43,0.0,0.29508196721311475,0.028918032786885248
0.243,43,18,0,43,0.0,0.29508196721311475,0.028918032786885248
0.244,43,18,0,43,0.0,0.29508196721311475,0.028918032786885248
0.245,43,18,0,43,0.0,0.29508196721311475,0.028918032786885248
0.246,43,18,0,43,0.0,0.29508196721311475,0.028918032786885248
0.247,43,18,0,43,0.0,0.29508196721311475,0.028918032786885248
0.248,43,18,0,43,0.0,0.29508196721311475,0.028918032786885248
0.249,43,18,0,43,0.0,0.29508196721311475,0.028918032786885248
0.25,43,18,0,43,0.0,0.29508196721311475,0.028918032786885248
0.251,43,18,0,43,0.0,0.29508196721311475,0.028918032786885248
0.252,43,18,0,43,0.0,0.29508196721311475,0.028918032786885248
0.253,43,18,0,43,0.0,0.29508196721311475,0.028918032786885248
0.254,43,18,0,43,0.0,0.29508196721311475,0.028918032786885248
0.255,43,18,0,43,0.0,0.29508196721311475,0.028918032786885248
0.256,43,18,0,43,0.0,0.29508196721311475,0.028918032786885248
0.257,43,18,0,43,0.0,0.29508196721311475,0.028918032786885248
0.258,43,18,0,43,0.0,0.29508196721311475,0.028918032786885248
0.259,43,18,0,43,0.0,0.29508196721311475,0.028918032786885248
0.26,43,18,0,43,0.0,0.29508196721311475,0.028918032786885248
0.261,43,18,0,43,0.0,0.29508196721311475,0.028918032786885248
0.262,43,18,0,43,0.0,0.29508196721311475,0.028918032786885248
0.263,43,18,0,43,0.0,0.29508196721311475,0.028918032786885248
0.264,43,18,0,43,0.0,0.29508196721311475,0.028918032786885248
0.265,43,18,0,43,0.0,0.29508196721311475,0.028918032786885248
0.266,43,18,0,43,0.0,0.29508196721311475,0.028918032786885248
0.267,43,18,0,43,0.0,0.29508196721311475,0.028918032786885248
0.268,43,18,0,43,0.0,0.29508196721311475,0.028918032786885248
0.269,43,18,0,43,0.0,0.29508196721311475,0.028918032786885248
0.27,43,18,0,43,0.0,0.29508196721311475,0.028918032786885248
0.271,43,18,0,43,0.0,0.29508196721311475,0.028918032786885248
0.272,43,18,0,43,0.0,0.29508196721311475,0.028918032786885248
0.273,43,18,0,43,0.0,0.29508196721311475,0.028918032786885248
0.274,43,18,0,43,0.0,0.29508196721311475,0.028918032786885248
0.275,43,18,0,43,0.0,0.29508196721311475,0.028918032786885248
0.276,43,18,0,43,0.0,0.29508196721311475,0.028918032786885248
0.277,43,18,0,43,0.0,0.29508196721311475,0.028918032786885248
0.278,43,18,0,43,0.0,0.29508196721311475,0.028918032786885248
0.279,43,18,0,43,0.0,0.29508196721311475,0.028918032786885248
0.28,43,18,0,43,0.0,0.29508196721311475,0.028918032786885248
0.281,43,18,0,43,0.0,0.29508196721311475,0.028918032786885248
0.282,43,18,0,43,0.0,0.29508196721311475,0.028918032786885248
0.283,43,18,0,43,0.0,0.29508196721311475,0.028918032786885248
0.284,43,17,0,44,0.0,0.2786885245901639,0.027311475409836066
0.285,43,17,0,44,0.0,0.2786885245901639,0.027311475409836066
0.286,43,17,0,44,0.0,0.2786885245901639,0.027311475409836066
0.287,43,17,0,44,0.0,0.2786885245901639,0.027311475409836066
0.288,43,17,0,44,0.0,0.2786885245901639,0.027311475409836066
0.289,43,17,0,44,0.0,0.2786885245901639,0.027311475409836066
0.29,43,17,0,44,0.0,0.2786885245901639,0.027311475409836066
0.291,43,17,0,44,0.0,0.2786885245901639,0.027311475409836066
0.292,43,17,0,44,0.0,0.2786885245901639,0.027311475409836066
0.293,43,17,0,44,0.0,0.2786885245901639,0.027311475409836066
0.294,43,17,0,44,0.0,0.2786885245901639,0.027311475409836066
0.295,43,17,0,44,0.0,0.2786885245901639,0.027311475409836066
0.296,43,17,0,44,0.0,0.2786885245901639,0.027311475409836066
0.297,43,17,0,44,0.0,0.2786885245901639,0.027311475409836066
0.298,43,17,0,44,0.0,0.2786885245901639,0.027311475409836066
0.299,43,17,0,44,0.0,0.2786885245901639,0.027311475409836066
0.3,43,17,0,44,0.0,0.2786885245901639,0.027311475409836066
0.301,43,17,0,44,0.0,0.2786885245901639,0.027311475409836066
0.302,43,17,0,44,0.0,0.2786885245901639,0.027311475409836066
0.303,43,17,0,44,0.0,0.2786885245901639,0.027311475409836066
0.304,43,17,0,44,0.0,0.2786885245901639,0.027311475409836066
0.305,43,17,0,44,0.0,0.2786885245901639,0.027311475409836066
0.306,43,17,0,44,0.0,0.2786885245901639,0.027311475409836066
0.307,43,17,0,44,0.0,0.2786885245901639,0.027311475409836066
0.308,43,17,0,44,0.0,0.2786885245901639,0.027311475409836066
0.309,43,17,0,44,0.0,0.2786885245901639,0.027311475409836066
0.31,43,17,0,44,0.0,0.2786885245901639,0.027311475409836066
0.311,43,17,0,44,0.0,0.2786885245901639,0.027311475409836066
0.312,43,17,0,44,0.0,0.2786885245901639,0.027311475409836066
0.313,43,17,0,44,0.0,0.2786885245901639,0.027311475409836066
0.314,43,17,0,44,0.0,0.2786885245901639,0.027311475409836066
0.315,43,17,0,44,0.0,0.2786885245901639,0.027311475409836066
0.316,43,17,0,44,0.0,0.2786885245901639,0.027311475409836066
0.317,43,17,0,44,0.0,0.2786885245901639,0.027311475409836066
0.318,43,17,0,44,0.0,0.2786885245901639,0.027311475409836066
0.319,43,17,0,44,0.0,0.2786885245901639,0.027311475409836066
0.32,43,17,0,44,0.0,0.2786885245901639,0.027311475409836066
0.321,43,17,0,44,0.0,0.2786885245901639,0.027311475409836066
0.322,43,17,0,44,0.0,0.2786885245901639,0.027311475409836066
0.323,43,17,0,44,0.0,0.2786885245901639,0.027311475409836066
0.324,43,17,0,44,0.0,0.2786885245901639,0.027311475409836066
0.325,43,17,0,44,0.0,0.2786885245901639,0.027311475409836066
0.326,43,17,0,44,0.0,0.2786885245901639,0.027311475409836066
0.327,43,17,0,44,0.0,0.2786885245901639,0.027311475409836066
0.328,43,17,0,44,0.0,0.2786885245901639,0.027311475409836066
0.329,43,17,0,44,0.0,0.2786885245901639,0.027311475409836066
0.33,43,17,0,44,0.0,0.2786885245901639,0.027311475409836066
0.331,43,17,0,44,0.0,0.2786885245901639,0.027311475409836066
0.332,43,17,0,44,0.0,0.2786885245901639,0.027311475409836066
0.333,43,17,0,44,0.0,0.2786885245901639,0.027311475409836066
0.334,43,17,0,44,0.0,0.2786885245901639,0.027311475409836066
0.335,43,17,0,44,0.0,0.2786885245901639,0.027311475409836066
0.336,43,17,0,44,0.0,0.2786885245901639,0.027311475409836066
0.337,43,17,0,44,0.0,0.2786885245901639,0.027311475409836066
0.338,43,17,0,44,0.0,0.2786885245901639,0.027311475409836066
0.339,43,17,0,44,0.0,0.2786885245901639,0.027311475409836066
0.34,43,17,0,44,0.0,0.2786885245901639,0.027311475409836066
0.341,43,17,0,44,0.0,0.2786885245901639,0.027311475409836066
0.342,43,17,0,44,0.0,0.2786885245901639,0.027311475409836066
0.343,43,17,0,44,0.0,0.2786885245901639,0.027311475409836066
0.344,43,17,0,44,0.0,0.2786885245901639,0.027311475409836066
0.345,43,17,0,44,0.0,0.2786885245901639,0.027311475409836066
0.346,43,17,0,44,0.0,0.2786885245901639,0.027311475409836066
0.347,43,17,0,44,0.0,0.2786885245901639,0.027311475409836066
0.348,43,17,0,44,0.0,0.2786885245901639,0.027311475409836066
0.349,43,17,0,44,0.0,0.2786885245901639,0.027311475409836066
0.35,43,17,0,44,0.0,0.2786885245901639,0.027311475409836066
0.351,43,17,0,44,0.0,0.2786885245901639,0.027311475409836066
0.352,43,17,0,44,0.0,0.2786885245901639,0.027311475409836066
0.353,43,17,0,44,0.0,0.2786885245901639,0.027311475409836066
0.354,43,17,0,44,0.0,0.2786885245901639,0.027311475409836066
0.355,43,17,0,44,0.0,0.2786885245901639,0.027311475409836066
0.356,43,17,0,44,0.0,0.2786885245901639,0.027311475409836066
0.357,43,17,0,44,0.0,0.2786885245901639,0.027311475409836066
0.358,43,17,0,44,0.0,0.2786885245901639,0.027311475409836066
0.359,42,17,1,44,0.023255813953488372,0.2786885245901639,0.027776591688905835
0.36,42,17,1,44,0.023255813953488372,0.2786885245901639,0.027776591688905835
0.361,42,17,1,44,0.023255813953488372,0.2786885245901639,0.027776591688905835
0.362,42,17,1,44,0.023255813953488372,0.2786885245901639,0.027776591688905835
0.363,42,17,1,44,0.023255813953488372,0.2786885245901639,0.027776591688905835
0.364,42,17,1,44,0.023255813953488372,0.2786885245901639,0.027776591688905835
0.365,42,17,1,44,0.023255813953488372,0.2786885245901639,0.027776591688905835
0.366,42,17,1,44,0.023255813953488372,0.2786885245901639,0.027776591688905835
0.367,42,17,1,44,0.023255813953488372,0.2786885245901639,0.027776591688905835
0.368,42,17,1,44,0.023255813953488372,0.2786885245901639,0.027776591688905835
0.369,42,17,1,44,0.023255813953488372,0.2786885245901639,0.027776591688905835
0.37,42,17,1,44,0.023255813953488372,0.2786885245901639,0.027776591688905835
0.371,42,17,1,44,0.023255813953488372,0.2786885245901639,0.027776591688905835
0.372,42,17,1,44,0.023255813953488372,0.2786885245901639,0.027776591688905835
0.373,42,17,1,44,0.023255813953488372,0.2786885245901639,0.027776591688905835
0.374,42,17,1,44,0.023255813953488372,0.2786885245901639,0.027776591688905835
0.375,42,17,1,44,0.023255813953488372,0.2786885245901639,0.027776591688905835
0.376,42,17,1,44,0.023255813953488372,0.2786885245901639,0.027776591688905835
0.377,42,17,1,44,0.023255813953488372,0.2786885245901639,0.027776591688905835
0.378,42,17,1,44,0.023255813953488372,0.2786885245901639,0.027776591688905835
0.379,42,17,1,44,0.023255813953488372,0.2786885245901639,0.027776591688905835
0.38,42,17,1,44,0.023255813953488372,0.2786885245901639,0.027776591688905835
0.381,42,17,1,44,0.023255813953488372,0.2786885245901639,0.027776591688905835
0.382,42,17,1,44,0.023255813953488372,0.2786885245901639,0.027776591688905835
0.383,42,17,1,44,0.023255813953488372,0.2786885245901639,0.027776591688905835
0.384,42,17,1,44,0.023255813953488372,0.2786885245901639,0.027776591688905835
0.385,42,17,1,44,0.023255813953488372,0.2786885245901639,0.027776591688905835
0.386,42,17,1,44,0.023255813953488372,0.2786885245901639,0.027776591688905835
0.387,42,17,1,44,0.023255813953488372,0.2786885245901639,0.027776591688905835
0.388,42,17,1,44,0.023255813953488372,0.2786885245901639,0.027776591688905835
0.389,42,17,1,44,0.023255813953488372,0.2786885245901639,0.027776591688905835
0.39,42,17,1,44,0.023255813953488372,0.2786885245901639,0.027776591688905835
0.391,42,17,1,44,0.023255813953488372,0.2786885245901639,0.027776591688905835
0.392,42,17,1,44,0.023255813953488372,0.2786885245901639,0.027776591688905835
0.393,42,17,1,44,0.023255813953488372,0.2786885245901639,0.027776591688905835
0.394,42,17,1,44,0.023255813953488372,0.2786885245901639,0.027776591688905835
0.395,42,17,1,44,0.023255813953488372,0.2786885245901639,0.027776591688905835
0.396,42,16,1,45,0.023255813953488372,0.26229508196721313,0.026170034311856657
0.397,41,16,2,45,0.046511627906976744,0.26229508196721313,0.026635150590926422
0.398,41,16,2,45,0.046511627906976744,0.26229508196721313,0.026635150590926422
0.399,41,16,2,45,0.046511627906976744,0.26229508196721313,0.026635150590926422
0.4,41,16,2,45,0.046511627906976744,0.26229508196721313,0.026635150590926422
0.401,41,16,2,45,0.046511627906976744,0.26229508196721313,0.026635150590926422
0.402,41,16,2,45,0.046511627906976744,0.26229508196721313,0.026635150590926422
0.403,41,16,2,45,0.046511627906976744,0.26229508196721313,0.026635150590926422
0.404,41,16,2,45,0.046511627906976744,0.26229508196721313,0.026635150590926422
0.405,41,16,2,45,0.046511627906976744,0.26229508196721313,0.026635150590926422
0.406,41,16,2,45,0.046511627906976744,0.26229508196721313,0.026635150590926422
0.407,41,16,2,45,0.046511627906976744,0.26229508196721313,0.026635150590926422
0.408,41,16,2,45,0.046511627906976744,0.26229508196721313,0.026635150590926422
0.409,41,15,2,46,0.046511627906976744,0.2459016393442623,0.025028593213877237
0.41,41,15,2,46,0.046511627906976744,0.2459016393442623,0.025028593213877237
0.411,41,15,2,46,0.046511627906976744,0.2459016393442623,0.025028593213877237
0.412,41,15,2,46,0.046511627906976744,0.2459016393442623,0.025028593213877237
0.413,41,15,2,46,0.046511627906976744,0.2459016393442623,0.025028593213877237
0.414,41,15,2,46,0.046511627906976744,0.2459016393442623,0.025028593213877237
0.415,41,15,2,46,0.046511627906976744,0.2459016393442623,0.025028593213877237
0.416,41,15,2,46,0.046511627906976744,0.2459016393442623,0.025028593213877237
0.417,41,15,2,46,0.046511627906976744,0.2459016393442623,0.025028593213877237
0.418,40,15,3,46,0.06976744186046512,0.2459016393442623,0.025493709492947006
0.419,40,15,3,46,0.06976744186046512,0.2459016393442623,0.025493709492947006
0.42,40,14,3,47,0.06976744186046512,0.22950819672131148,0.02388715211589783
0.421,40,14,3,47,0.06976744186046512,0.22950819672131148,0.02388715211589783
0.422,40,14,3,47,0.06976744186046512,0.22950819672131148,0.02388715211589783
0.423,40,14,3,47,0.06976744186046512,0.22950819672131148,0.02388715211589783
0.424,40,14,3,47,0.06976744186046512,0.22950819672131148,0.02388715211589783
0.425,40,14,3,47,0.06976744186046512,0.22950819672131148,0.02388715211589783
0.426,40,14,3,47,0.06976744186046512,0.22950819672131148,0.02388715211589783
0.427,40,14,3,47,0.06976744186046512,0.22950819672131148,0.02388715211589783
0.428,40,14,3,47,0.06976744186046512,0.22950819672131148,0.02388715211589783
0.429,40,14,3,47,0.06976744186046512,0.22950819672131148,0.02388715211589783
0.43,40,14,3,47,0.06976744186046512,0.22950819672131148,0.02388715211589783
0.431,40,14,3,47,0.06976744186046512,0.22950819672131148,0.02388715211589783
0.432,40,14,3,47,0.06976744186046512,0.22950819672131148,0.02388715211589783
0.433,40,14,3,47,0.06976744186046512,0.22950819672131148,0.02388715211589783
0.434,40,14,3,47,0.06976744186046512,0.22950819672131148,0.02388715211589783
0.435,40,14,3,47,0.06976744186046512,0.22950819672131148,0.02388715211589783
0.436,39,14,4,47,0.09302325581395349,0.22950819672131148,0.024352268394967597
0.437,39,14,4,47,0.09302325581395349,0.22950819672131148,0.024352268394967597
0.438,39,14,4,47,0.09302325581395349,0.22950819672131148,0.024352268394967597
0.439,39,14,4,47,0.09302325581395349,0.22950819672131148,0.024352268394967597
0.44,39,13,4,48,0.09302325581395349,0.21311475409836064,0.02274571101791841
0.441,39,13,4,48,0.09302325581395349,0.21311475409836064,0.02274571101791841
0.442,39,13,4,48,0.09302325581395349,0.21311475409836064,0.02274571101791841
0.443,39,13,4,48,0.09302325581395349,0.21311475409836064,0.02274571101791841
0.444,39,13,4,48,0.09302325581395349,0.21311475409836064,0.02274571101791841
0.445,39,13,4,48,0.09302325581395349,0.21311475409836064,0.02274571101791841
0.446,39,13,4,48,0.09302325581395349,0.21311475409836064,0.02274571101791841
0.447,39,13,4,48,0.09302325581395349,0.21311475409836064,0.02274571101791841
0.448,39,13,4,48,0.09302325581395349,0.21311475409836064,0.02274571101791841
0.449,39,13,4,48,0.09302325581395349,0.21311475409836064,0.02274571101791841
0.45,39,13,4,48,0.09302325581395349,0.21311475409836064,0.02274571101791841
0.451,39,13,4,48,0.09302325581395349,0.21311475409836064,0.02274571101791841
0.452,39,13,4,48,0.09302325581395349,0.21311475409836064,0.02274571101791841
0.453,39,13,4,48,0.09302325581395349,0.21311475409836064,0.02274571101791841
0.454,39,13,4,48,0.09302325581395349,0.21311475409836064,0.02274571101791841
0.455,39,13,4,48,0.09302325581395349,0.21311475409836064,0.02274571101791841
0.456,39,13,4,48,0.09302325581395349,0.21311475409836064,0.02274571101791841
0.457,39,13,4,48,0.09302325581395349,0.21311475409836064,0.02274571101791841
0.458,39,13,4,48,0.09302325581395349,0.21311475409836064,0.02274571101791841
0.459,39,13,4,48,0.09302325581395349,0.21311475409836064,0.02274571101791841
0.46,39,13,4,48,0.09302325581395349,0.21311475409836064,0.02274571101791841
0.461,39,13,4,48,0.09302325581395349,0.21311475409836064,0.02274571101791841
0.462,39,13,4,48,0.09302325581395349,0.21311475409836064,0.02274571101791841
0.463,39,13,4,48,0.09302325581395349,0.21311475409836064,0.02274571101791841
0.464,39,13,4,48,0.09302325581395349,0.21311475409836064,0.02274571101791841
0.465,39,13,4,48,0.09302325581395349,0.21311475409836064,0.02274571101791841
0.466,39,13,4,48,0.09302325581395349,0.21311475409836064,0.02274571101791841
0.467,39,13,4,48,0.09302325581395349,0.21311475409836064,0.02274571101791841
0.468,39,13,4,48,0.09302325581395349,0.21311475409836064,0.02274571101791841
0.469,39,13,4,48,0.09302325581395349,0.21311475409836064,0.02274571101791841
0.47,39,13,4,48,0.09302325581395349,0.21311475409836064,0.02274571101791841
0.471,39,13,4,48,0.09302325581395349,0.21311475409836064,0.02274571101791841
0.472,39,13,4,48,0.09302325581395349,0.21311475409836064,0.02274571101791841
0.473,39,13,4,48,0.09302325581395349,0.21311475409836064,0.02274571101791841
0.474,39,13,4,48,0.09302325581395349,0.21311475409836064,0.02274571101791841
0.475,39,13,4,48,0.09302325581395349,0.21311475409836064,0.02274571101791841
0.476,39,13,4,48,0.09302325581395349,0.21311475409836064,0.02274571101791841
0.477,39,13,4,48,0.09302325581395349,0.21311475409836064,0.02274571101791841
0.478,39,12,4,49,0.09302325581395349,0.19672131147540983,0.021139153640869233
0.479,39,12,4,49,0.09302325581395349,0.19672131147540983,0.021139153640869233
0.48,39,12,4,49,0.09302325581395349,0.19672131147540983,0.021139153640869233
0.481,39,12,4,49,0.09302325581395349,0.19672131147540983,0.021139153640869233
0.482,39,12,4,49,0.09302325581395349,0.19672131147540983,0.021139153640869233
0.483,39,12,4,49,0.09302325581395349,0.19672131147540983,0.021139153640869233
0.484,39,12,4,49,0.09302325581395349,0.19672131147540983,0.021139153640869233
0.485,39,12,4,49,0.09302325581395349,0.19672131147540983,0.021139153640869233
0.486,39,12,4,49,0.09302325581395349,0.19672131147540983,0.021139153640869233
0.487,39,12,4,49,0.09302325581395349,0.19672131147540983,0.021139153640869233
0.488,39,12,4,49,0.09302325581395349,0.19672131147540983,0.021139153640869233
0.489,39,12,4,49,0.09302325581395349,0.19672131147540983,0.021139153640869233
0.49,39,12,4,49,0.09302325581395349,0.19672131147540983,0.021139153640869233
0.491,39,12,4,49,0.09302325581395349,0.19672131147540983,0.021139153640869233
0.492,39,12,4,49,0.09302325581395349,0.19672131147540983,0.021139153640869233
0.493,39,12,4,49,0.09302325581395349,0.19672131147540983,0.021139153640869233
0.494,39,12,4,49,0.09302325581395349,0.19672131147540983,0.021139153640869233
0.495,39,12,4,49,0.09302325581395349,0.19672131147540983,0.021139153640869233
0.496,38,12,5,49,0.11627906976744186,0.19672131147540983,0.021604269919939002
0.497,38,12,5,49,0.11627906976744186,0.19672131147540983,0.021604269919939002
0.498,38,12,5,49,0.11627906976744186,0.19672131147540983,0.021604269919939002
0.499,38,12,5,49,0.11627906976744186,0.19672131147540983,0.021604269919939002
0.5,38,12,5,49,0.11627906976744186,0.19672131147540983,0.021604269919939002
0.501,38,12,5,49,0.11627906976744186,0.19672131147540983,0.021604269919939002
0.502,38,12,5,49,0.11627906976744186,0.19672131147540983,0.021604269919939002
0.503,38,12,5,49,0.11627906976744186,0.19672131147540983,0.021604269919939002
0.504,38,12,5,49,0.11627906976744186,0.19672131147540983,0.021604269919939002
0.505,37,12,6,49,0.13953488372093023,0.19672131147540983,0.02206938619900877
0.506,37,12,6,49,0.13953488372093023,0.19672131147540983,0.02206938619900877
0.507,37,12,6,49,0.13953488372093023,0.19672131147540983,0.02206938619900877
0.508,37,12,6,49,0.13953488372093023,0.19672131147540983,0.02206938619900877
0.509,37,12,6,49,0.13953488372093023,0.19672131147540983,0.02206938619900877
0.51,37,12,6,49,0.13953488372093023,0.19672131147540983,0.02206938619900877
0.511,37,12,6,49,0.13953488372093023,0.19672131147540983,0.02206938619900877
0.512,37,12,6,49,0.13953488372093023,0.19672131147540983,0.02206938619900877
0.513,37,12,6,49,0.13953488372093023,0.19672131147540983,0.02206938619900877
0.514,37,12,6,49,0.13953488372093023,0.19672131147540983,0.02206938619900877
0.515,37,12,6,49,0.13953488372093023,0.19672131147540983,0.02206938619900877
0.516,37,12,6,49,0.13953488372093023,0.19672131147540983,0.02206938619900877
0.517,37,12,6,49,0.13953488372093023,0.19672131147540983,0.02206938619900877
0.518,37,12,6,49,0.13953488372093023,0.19672131147540983,0.02206938619900877
0.519,37,12,6,49,0.13953488372093023,0.19672131147540983,0.02206938619900877
0.52,37,11,6,50,0.13953488372093023,0.18032786885245902,0.02046282882195959
0.521,37,11,6,50,0.13953488372093023,0.18032786885245902,0.02046282882195959
0.522,37,11,6,50,0.13953488372093023,0.18032786885245902,0.02046282882195959
0.523,37,11,6,50,0.13953488372093023,0.18032786885245902,0.02046282882195959
0.524,37,11,6,50,0.13953488372093023,0.18032786885245902,0.02046282882195959
0.525,37,11,6,50,0.13953488372093023,0.18032786885245902,0.02046282882195959
0.526,37,11,6,50,0.13953488372093023,0.18032786885245902,0.02046282882195959
0.527,37,11,6,50,0.13953488372093023,0.18032786885245902,0.02046282882195959
0.528,37,11,6,50,0.13953488372093023,0.18032786885245902,0.02046282882195959
0.529,37,11,6,50,0.13953488372093023,0.18032786885245902,0.02046282882195959
0.53,37,11,6,50,0.13953488372093023,0.18032786885245902,0.02046282882195959
0.531,37,11,6,50,0.13953488372093023,0.18032786885245902,0.02046282882195959
0.532,37,11,6,50,0.13953488372093023,0.18032786885245902,0.02046282882195959
0.533,37,11,6,50,0.13953488372093023,0.18032786885245902,0.02046282882195959
0.534,37,11,6,50,0.13953488372093023,0.18032786885245902,0.02046282882195959
0.535,37,11,6,50,0.13953488372093023,0.18032786885245902,0.02046282882195959
0.536,37,11,6,50,0.13953488372093023,0.18032786885245902,0.02046282882195959
0.537,37,11,6,50,0.13953488372093023,0.18032786885245902,0.02046282882195959
0.538,37,11,6,50,0.13953488372093023,0.18032786885245902,0.02046282882195959
0.539,37,11,6,50,0.13953488372093023,0.18032786885245902,0.02046282882195959
0.54,37,11,6,50,0.13953488372093023,0.18032786885245902,0.02046282882195959
0.541,37,11,6,50,0.13953488372093023,0.18032786885245902,0.02046282882195959
0.542,37,11,6,50,0.13953488372093023,0.18032786885245902,0.02046282882195959
0.543,37,11,6,50,0.13953488372093023,0.18032786885245902,0.02046282882195959
0.544,37,11,6,50,0.13953488372093023,0.18032786885245902,0.02046282882195959
0.545,37,11,6,50,0.13953488372093023,0.18032786885245902,0.02046282882195959
0.546,37,11,6,50,0.13953488372093023,0.18032786885245902,0.02046282882195959
0.547,36,11,7,50,0.16279069767441862,0.18032786885245902,0.020927945101029355
0.548,36,11,7,50,0.16279069767441862,0.18032786885245902,0.020927945101029355
0.549,36,11,7,50,0.16279069767441862,0.18032786885245902,0.020927945101029355
0.55,36,11,7,50,0.16279069767441862,0.18032786885245902,0.020927945101029355
0.551,36,11,7,50,0.16279069767441862,0.18032786885245902,0.020927945101029355
0.552,36,11,7,50,0.16279069767441862,0.18032786885245902,0.020927945101029355
0.553,36,11,7,50,0.16279069767441862,0.18032786885245902,0.020927945101029355
0.554,36,11,7,50,0.16279069767441862,0.18032786885245902,0.020927945101029355
0.555,36,11,7,50,0.16279069767441862,0.18032786885245902,0.020927945101029355
0.556,36,11,7,50,0.16279069767441862,0.18032786885245902,0.020927945101029355
0.557,36,11,7,50,0.16279069767441862,0.18032786885245902,0.020927945101029355
0.558,36,11,7,50,0.16279069767441862,0.18032786885245902,0.020927945101029355
0.559,36,11,7,50,0.16279069767441862,0.18032786885245902,0.020927945101029355
0.56,36,11,7,50,0.16279069767441862,0.18032786885245902,0.020927945101029355
0.561,36,11,7,50,0.16279069767441862,0.18032786885245902,0.020927945101029355
0.562,36,11,7,50,0.16279069767441862,0.18032786885245902,0.020927945101029355
0.563,36,11,7,50,0.16279069767441862,0.18032786885245902,0.020927945101029355
0.564,36,11,7,50,0.16279069767441862,0.18032786885245902,0.020927945101029355
0.565,36,11,7,50,0.16279069767441862,0.18032786885245902,0.020927945101029355
0.566,36,11,7,50,0.16279069767441862,0.18032786885245902,0.020927945101029355
0.567,36,11,7,50,0.16279069767441862,0.18032786885245902,0.020927945101029355
0.568,36,11,7,50,0.16279069767441862,0.18032786885245902,0.020927945101029355
0.569,36,11,7,50,0.16279069767441862,0.18032786885245902,0.020927945101029355
0.57,36,11,7,50,0.16279069767441862,0.18032786885245902,0.020927945101029355
0.571,36,11,7,50,0.16279069767441862,0.18032786885245902,0.020927945101029355
0.572,36,11,7,50,0.16279069767441862,0.18032786885245902,0.020927945101029355
0.573,36,11,7,50,0.16279069767441862,0.18032786885245902,0.020927945101029355
0.574,36,11,7,50,0.16279069767441862,0.18032786885245902,0.020927945101029355
0.575,36,11,7,50,0.16279069767441862,0.18032786885245902,0.020927945101029355
0.576,36,11,7,50,0.16279069767441862,0.18032786885245902,0.020927945101029355
0.577,36,11,7,50,0.16279069767441862,0.18032786885245902,0.020927945101029355
0.578,36,11,7,50,0.16279069767441862,0.18032786885245902,0.020927945101029355
0.579,36,11,7,50,0.16279069767441862,0.18032786885245902,0.020927945101029355
0.58,36,11,7,50,0.16279069767441862,0.18032786885245902,0.020927945101029355
0.581,36,11,7,50,0.16279069767441862,0.18032786885245902,0.020927945101029355
0.582,36,11,7,50,0.16279069767441862,0.18032786885245902,0.020927945101029355
0.583,36,11,7,50,0.16279069767441862,0.18032786885245902,0.020927945101029355
0.584,36,11,7,50,0.16279069767441862,0.18032786885245902,0.020927945101029355
0.585,36,11,7,50,0.16279069767441862,0.18032786885245902,0.020927945101029355
0.586,36,11,7,50,0.16279069767441862,0.18032786885245902,0.020927945101029355
0.587,36,11,7,50,0.16279069767441862,0.18032786885245902,0.020927945101029355
0.588,36,11,7,50,0.16279069767441862,0.18032786885245902,0.020927945101029355
0.589,36,11,7,50,0.16279069767441862,0.18032786885245902,0.020927945101029355
0.59,36,11,7,50,0.16279069767441862,0.18032786885245902,0.020927945101029355
0.591,36,11,7,50,0.16279069767441862,0.18032786885245902,0.020927945101029355
0.592,36,11,7,50,0.16279069767441862,0.18032786885245902,0.020927945101029355
0.593,36,11,7,50,0.16279069767441862,0.18032786885245902,0.020927945101029355
0.594,36,11,7,50,0.16279069767441862,0.18032786885245902,0.020927945101029355
0.595,36,11,7,50,0.16279069767441862,0.18032786885245902,0.020927945101029355
0.596,36,11,7,50,0.16279069767441862,0.18032786885245902,0.020927945101029355
0.597,36,11,7,50,0.16279069767441862,0.18032786885245902,0.020927945101029355
0.598,36,11,7,50,0.16279069767441862,0.18032786885245902,0.020927945101029355
0.599,36,11,7,50,0.16279069767441862,0.18032786885245902,0.020927945101029355
0.6,35,11,8,50,0.18604651162790697,0.18032786885245902,0.021393061380099124
0.601,34,11,9,50,0.20930232558139536,0.18032786885245902,0.021858177659168893
0.602,34,11,9,50,0.20930232558139536,0.18032786885245902,0.021858177659168893
0.603,34,10,9,51,0.20930232558139536,0.16393442622950818,0.020251620282119714
0.604,34,10,9,51,0.20930232558139536,0.16393442622950818,0.020251620282119714
0.605,34,10,9,51,0.20930232558139536,0.16393442622950818,0.020251620282119714
0.606,34,10,9,51,0.20930232558139536,0.16393442622950818,0.020251620282119714
0.607,34,10,9,51,0.20930232558139536,0.16393442622950818,0.020251620282119714
0.608,33,10,10,51,0.23255813953488372,0.16393442622950818,0.02071673656118948
0.609,33,10,10,51,0.23255813953488372,0.16393442622950818,0.02071673656118948
0.61,33,10,10,51,0.23255813953488372,0.16393442622950818,0.02071673656118948
0.611,32,9,11,52,0.2558139534883721,0.14754098360655737,0.019575295463210067
0.612,32,9,11,52,0.2558139534883721,0.14754098360655737,0.019575295463210067
0.613,32,9,11,52,0.2558139534883721,0.14754098360655737,0.019575295463210067
0.614,32,9,11,52,0.2558139534883721,0.14754098360655737,0.019575295463210067
0.615,32,9,11,52,0.2558139534883721,0.14754098360655737,0.019575295463210067
0.616,31,9,12,52,0.27906976744186046,0.14754098360655737,0.020040411742279832
0.617,31,9,12,52,0.27906976744186046,0.14754098360655737,0.020040411742279832
0.618,31,9,12,52,0.27906976744186046,0.14754098360655737,0.020040411742279832
0.619,31,9,12,52,0.27906976744186046,0.14754098360655737,0.020040411742279832
0.62,31,8,12,53,0.27906976744186046,0.13114754098360656,0.018433854365230654
0.621,31,8,12,53,0.27906976744186046,0.13114754098360656,0.018433854365230654
0.622,31,8,12,53,0.27906976744186046,0.13114754098360656,0.018433854365230654
0.623,31,8,12,53,0.27906976744186046,0.13114754098360656,0.018433854365230654
0.624,31,8,12,53,0.27906976744186046,0.13114754098360656,0.018433854365230654
0.625,31,8,12,53,0.27906976744186046,0.13114754098360656,0.018433854365230654
0.626,31,8,12,53,0.27906976744186046,0.13114754098360656,0.018433854365230654
0.627,31,8,12,53,0.27906976744186046,0.13114754098360656,0.018433854365230654
0.628,31,8,12,53,0.27906976744186046,0.13114754098360656,0.018433854365230654
0.629,31,8,12,53,0.27906976744186046,0.13114754098360656,0.018433854365230654
0.63,31,8,12,53,0.27906976744186046,0.13114754098360656,0.018433854365230654
0.631,31,7,12,54,0.27906976744186046,0.11475409836065574,0.016827296988181473
0.632,31,7,12,54,0.27906976744186046,0.11475409836065574,0.016827296988181473
0.633,31,7,12,54,0.27906976744186046,0.11475409836065574,0.016827296988181473
0.634,31,7,12,54,0.27906976744186046,0.11475409836065574,0.016827296988181473
0.635,31,7,12,54,0.27906976744186046,0.11475409836065574,0.016827296988181473
0.636,31,7,12,54,0.27906976744186046,0.11475409836065574,0.016827296988181473
0.637,30,7,13,54,0.3023255813953488,0.11475409836065574,0.01729241326725124
0.638,30,7,13,54,0.3023255813953488,0.11475409836065574,0.01729241326725124
0.639,29,7,14,54,0.32558139534883723,0.11475409836065574,0.01775752954632101
0.64,29,7,14,54,0.32558139534883723,0.11475409836065574,0.01775752954632101
0.641,29,7,14,54,0.32558139534883723,0.11475409836065574,0.01775752954632101
0.642,29,7,14,54,0.32558139534883723,0.11475409836065574,0.01775752954632101
0.643,29,7,14,54,0.32558139534883723,0.11475409836065574,0.01775752954632101
0.644,29,7,14,54,0.32558139534883723,0.11475409836065574,0.01775752954632101
0.645,29,7,14,54,0.32558139534883723,0.11475409836065574,0.01775752954632101
0.646,29,7,14,54,0.32558139534883723,0.11475409836065574,0.01775752954632101
0.647,29,7,14,54,0.32558139534883723,0.11475409836065574,0.01775752954632101
0.648,29,7,14,54,0.32558139534883723,0.11475409836065574,0.01775752954632101
0.649,29,7,14,54,0.32558139534883723,0.11475409836065574,0.01775752954632101
0.65,29,7,14,54,0.32558139534883723,0.11475409836065574,0.01775752954632101
0.651,29,7,14,54,0.32558139534883723,0.11475409836065574,0.01775752954632101
0.652,29,7,14,54,0.32558139534883723,0.11475409836065574,0.01775752954632101
0.653,29,7,14,54,0.32558139534883723,0.11475409836065574,0.01775752954632101
0.654,29,6,14,55,0.32558139534883723,0.09836065573770492,0.016150972169271825
0.655,29,6,14,55,0.32558139534883723,0.09836065573770492,0.016150972169271825
0.656,29,6,14,55,0.32558139534883723,0.09836065573770492,0.016150972169271825
0.657,29,6,14,55,0.32558139534883723,0.09836065573770492,0.016150972169271825
0.658,29,6,14,55,0.32558139534883723,0.09836065573770492,0.016150972169271825
0.659,29,6,14,55,0.32558139534883723,0.09836065573770492,0.016150972169271825
0.66,28,6,15,55,0.3488372093023256,0.09836065573770492,0.016616088448341594
0.661,28,5,15,56,0.3488372093023256,0.08196721311475409,0.015009531071292414
0.662,28,5,15,56,0.3488372093023256,0.08196721311475409,0.015009531071292414
0.663,28,5,15,56,0.3488372093023256,0.08196721311475409,0.015009531071292414
0.664,28,5,15,56,0.3488372093023256,0.08196721311475409,0.015009531071292414
0.665,27,5,16,56,0.37209302325581395,0.08196721311475409,0.015474647350362181
0.666,27,5,16,56,0.37209302325581395,0.08196721311475409,0.015474647350362181
0.667,27,5,16,56,0.37209302325581395,0.08196721311475409,0.015474647350362181
0.668,27,5,16,56,0.37209302325581395,0.08196721311475409,0.015474647350362181
0.669,27,5,16,56,0.37209302325581395,0.08196721311475409,0.015474647350362181
0.67,27,5,16,56,0.37209302325581395,0.08196721311475409,0.015474647350362181
0.671,27,5,16,56,0.37209302325581395,0.08196721311475409,0.015474647350362181
0.672,27,5,16,56,0.37209302325581395,0.08196721311475409,0.015474647350362181
0.673,27,5,16,56,0.37209302325581395,0.08196721311475409,0.015474647350362181
0.674,27,5,16,56,0.37209302325581395,0.08196721311475409,0.015474647350362181
0.675,27,5,16,56,0.37209302325581395,0.08196721311475409,0.015474647350362181
0.676,27,5,16,56,0.37209302325581395,0.08196721311475409,0.015474647350362181
0.677,27,5,16,56,0.37209302325581395,0.08196721311475409,0.015474647350362181
0.678,27,5,16,56,0.37209302325581395,0.08196721311475409,0.015474647350362181
0.679,27,5,16,56,0.37209302325581395,0.08196721311475409,0.015474647350362181
0.68,27,5,16,56,0.37209302325581395,0.08196721311475409,0.015474647350362181
0.681,27,5,16,56,0.37209302325581395,0.08196721311475409,0.015474647350362181
0.682,27,5,16,56,0.37209302325581395,0.08196721311475409,0.015474647350362181
0.683,27,5,16,56,0.37209302325581395,0.08196721311475409,0.015474647350362181
0.684,27,5,16,56,0.37209302325581395,0.08196721311475409,0.015474647350362181
0.685,27,5,16,56,0.37209302325581395,0.08196721311475409,0.015474647350362181
0.686,27,5,16,56,0.37209302325581395,0.08196721311475409,0.015474647350362181
0.687,27,5,16,56,0.37209302325581395,0.08196721311475409,0.015474647350362181
0.688,27,5,16,56,0.37209302325581395,0.08196721311475409,0.015474647350362181
0.689,27,5,16,56,0.37209302325581395,0.08196721311475409,0.015474647350362181
0.69,27,5,16,56,0.37209302325581395,0.08196721311475409,0.015474647350362181
0.691,27,4,16,57,0.37209302325581395,0.06557377049180328,0.013868089973313001
0.692,27,4,16,57,0.37209302325581395,0.06557377049180328,0.013868089973313001
0.693,27,4,16,57,0.37209302325581395,0.06557377049180328,0.013868089973313001
0.694,27,4,16,57,0.37209302325581395,0.06557377049180328,0.013868089973313001
0.695,27,4,16,57,0.37209302325581395,0.06557377049180328,0.013868089973313001
0.696,27,4,16,57,0.37209302325581395,0.06557377049180328,0.013868089973313001
0.697,27,4,16,57,0.37209302325581395,0.06557377049180328,0.013868089973313001
0.698,26,4,17,57,0.3953488372093023,0.06557377049180328,0.014333206252382769
0.699,26,4,17,57,0.3953488372093023,0.06557377049180328,0.014333206252382769
0.7,26,4,17,57,0.3953488372093023,0.06557377049180328,0.014333206252382769
0.701,26,3,17,58,0.3953488372093023,0.04918032786885246,0.012726648875333587
0.702,25,3,18,58,0.4186046511627907,0.04918032786885246,0.013191765154403356
0.703,24,3,19,58,0.4418604651162791,0.04918032786885246,0.013656881433473123
0.704,24,3,19,58,0.4418604651162791,0.04918032786885246,0.013656881433473123
0.705,24,3,19,58,0.4418604651162791,0.04918032786885246,0.013656881433473123
0.706,24,3,19,58,0.4418604651162791,0.04918032786885246,0.013656881433473123
0.707,24,3,19,58,0.4418604651162791,0.04918032786885246,0.013656881433473123
0.708,24,3,19,58,0.4418604651162791,0.04918032786885246,0.013656881433473123
0.709,24,3,19,58,0.4418604651162791,0.04918032786885246,0.013656881433473123
0.71,24,2,19,59,0.4418604651162791,0.03278688524590164,0.012050324056423943
0.711,24,2,19,59,0.4418604651162791,0.03278688524590164,0.012050324056423943
0.712,24,2,19,59,0.4418604651162791,0.03278688524590164,0.012050324056423943
0.713,24,2,19,59,0.4418604651162791,0.03278688524590164,0.012050324056423943
0.714,24,2,19,59,0.4418604651162791,0.03278688524590164,0.012050324056423943
0.715,23,2,20,59,0.46511627906976744,0.03278688524590164,0.01251544033549371
0.716,23,2,20,59,0.46511627906976744,0.03278688524590164,0.01251544033549371
0.717,23,2,20,59,0.46511627906976744,0.03278688524590164,0.01251544033549371
0.718,23,2,20,59,0.46511627906976744,0.03278688524590164,0.01251544033549371
0.719,23,2,20,59,0.46511627906976744,0.03278688524590164,0.01251544033549371
0.72,23,2,20,59,0.46511627906976744,0.03278688524590164,0.01251544033549371
0.721,23,2,20,59,0.46511627906976744,0.03278688524590164,0.01251544033549371
0.722,23,2,20,59,0.46511627906976744,0.03278688524590164,0.01251544033549371
0.723,23,2,20,59,0.46511627906976744,0.03278688524590164,0.01251544033549371
0.724,22,2,21,59,0.4883720930232558,0.03278688524590164,0.012980556614563477
0.725,22,2,21,59,0.4883720930232558,0.03278688524590164,0.012980556614563477
0.726,21,2,22,59,0.5116279069767442,0.03278688524590164,0.013445672893633246
0.727,21,2,22,59,0.5116279069767442,0.03278688524590164,0.013445672893633246
0.728,21,2,22,59,0.5116279069767442,0.03278688524590164,0.013445672893633246
0.729,21,2,22,59,0.5116279069767442,0.03278688524590164,0.013445672893633246
0.73,21,2,22,59,0.5116279069767442,0.03278688524590164,0.013445672893633246
0.731,21,2,22,59,0.5116279069767442,0.03278688524590164,0.013445672893633246
0.732,21,2,22,59,0.5116279069767442,0.03278688524590164,0.013445672893633246
0.733,21,2,22,59,0.5116279069767442,0.03278688524590164,0.013445672893633246
0.734,21,2,22,59,0.5116279069767442,0.03278688524590164,0.013445672893633246
0.735,21,2,22,59,0.5116279069767442,0.03278688524590164,0.013445672893633246
0.736,21,2,22,59,0.5116279069767442,0.03278688524590164,0.013445672893633246
0.737,21,2,22,59,0.5116279069767442,0.03278688524590164,0.013445672893633246
0.738,21,2,22,59,0.5116279069767442,0.03278688524590164,0.013445672893633246
0.739,21,2,22,59,0.5116279069767442,0.03278688524590164,0.013445672893633246
0.74,20,2,23,59,0.5348837209302325,0.03278688524590164,0.013910789172703011
0.741,20,2,23,59,0.5348837209302325,0.03278688524590164,0.013910789172703011
0.742,20,2,23,59,0.5348837209302325,0.03278688524590164,0.013910789172703011
0.743,19,2,24,59,0.5581395348837209,0.03278688524590164,0.01437590545177278
0.744,18,2,25,59,0.5813953488372093,0.03278688524590164,0.014841021730842549
0.745,18,2,25,59,0.5813953488372093,0.03278688524590164,0.014841021730842549
0.746,18,2,25,59,0.5813953488372093,0.03278688524590164,0.014841021730842549
0.747,16,2,27,59,0.627906976744186,0.03278688524590164,0.015771254288982083
0.748,16,2,27,59,0.627906976744186,0.03278688524590164,0.015771254288982083
0.749,16,2,27,59,0.627906976744186,0.03278688524590164,0.015771254288982083
0.75,16,2,27,59,0.627906976744186,0.03278688524590164,0.015771254288982083
0.751,16,2,27,59,0.627906976744186,0.03278688524590164,0.015771254288982083
0.752,16,2,27,59,0.627906976744186,0.03278688524590164,0.015771254288982083
0.753,16,2,27,59,0.627906976744186,0.03278688524590164,0.015771254288982083
0.754,16,2,27,59,0.627906976744186,0.03278688524590164,0.015771254288982083
0.755,16,2,27,59,0.627906976744186,0.03278688524590164,0.015771254288982083
0.756,16,2,27,59,0.627906976744186,0.03278688524590164,0.015771254288982083
0.757,16,2,27,59,0.627906976744186,0.03278688524590164,0.015771254288982083
0.758,16,2,27,59,0.627906976744186,0.03278688524590164,0.015771254288982083
0.759,16,2,27,59,0.627906976744186,0.03278688524590164,0.015771254288982083
0.76,16,2,27,59,0.627906976744186,0.03278688524590164,0.015771254288982083
0.761,16,2,27,59,0.627906976744186,0.03278688524590164,0.015771254288982083
0.762,16,2,27,59,0.627906976744186,0.03278688524590164,0.015771254288982083
0.763,16,2,27,59,0.627906976744186,0.03278688524590164,0.015771254288982083
0.764,16,2,27,59,0.627906976744186,0.03278688524590164,0.015771254288982083
0.765,16,2,27,59,0.627906976744186,0.03278688524590164,0.015771254288982083
0.766,16,2,27,59,0.627906976744186,0.03278688524590164,0.015771254288982083
0.767,16,2,27,59,0.627906976744186,0.03278688524590164,0.015771254288982083
0.768,16,2,27,59,0.627906976744186,0.03278688524590164,0.015771254288982083
0.769,16,2,27,59,0.627906976744186,0.03278688524590164,0.015771254288982083
0.77,16,2,27,59,0.627906976744186,0.03278688524590164,0.015771254288982083
0.771,16,2,27,59,0.627906976744186,0.03278688524590164,0.015771254288982083
0.772,16,2,27,59,0.627906976744186,0.03278688524590164,0.015771254288982083
0.773,16,2,27,59,0.627906976744186,0.03278688524590164,0.015771254288982083
0.774,16,2,27,59,0.627906976744186,0.03278688524590164,0.015771254288982083
0.775,16,2,27,59,0.627906976744186,0.03278688524590164,0.015771254288982083
0.776,16,2,27,59,0.627906976744186,0.03278688524590164,0.015771254288982083
0.777,16,2,27,59,0.627906976744186,0.03278688524590164,0.015771254288982083
0.778,16,2,27,59,0.627906976744186,0.03278688524590164,0.015771254288982083
0.779,16,2,27,59,0.627906976744186,0.03278688524590164,0.015771254288982083
0.78,16,2,27,59,0.627906976744186,0.03278688524590164,0.015771254288982083
0.781,16,2,27,59,0.627906976744186,0.03278688524590164,0.015771254288982083
0.782,16,2,27,59,0.627906976744186,0.03278688524590164,0.015771254288982083
0.783,16,2,27,59,0.627906976744186,0.03278688524590164,0.015771254288982083
0.784,15,2,28,59,0.6511627906976745,0.03278688524590164,0.01623637056805185
0.785,15,2,28,59,0.6511627906976745,0.03278688524590164,0.01623637056805185
0.786,15,2,28,59,0.6511627906976745,0.03278688524590164,0.01623637056805185
0.787,15,2,28,59,0.6511627906976745,0.03278688524590164,0.01623637056805185
0.788,14,2,29,59,0.6744186046511628,0.03278688524590164,0.016701486847121617
0.789,14,2,29,59,0.6744186046511628,0.03278688524590164,0.016701486847121617
0.79,14,2,29,59,0.6744186046511628,0.03278688524590164,0.016701486847121617
0.791,14,2,29,59,0.6744186046511628,0.03278688524590164,0.016701486847121617
0.792,14,2,29,59,0.6744186046511628,0.03278688524590164,0.016701486847121617
0.793,13,2,30,59,0.6976744186046512,0.03278688524590164,0.017166603126191383
0.794,13,2,30,59,0.6976744186046512,0.03278688524590164,0.017166603126191383
0.795,13,2,30,59,0.6976744186046512,0.03278688524590164,0.017166603126191383
0.796,12,2,31,59,0.7209302325581395,0.03278688524590164,0.01763171940526115
0.797,11,2,32,59,0.7441860465116279,0.03278688524590164,0.01809683568433092
0.798,11,2,32,59,0.7441860465116279,0.03278688524590164,0.01809683568433092
0.799,11,2,32,59,0.7441860465116279,0.03278688524590164,0.01809683568433092
0.8,10,2,33,59,0.7674418604651163,0.03278688524590164,0.018561951963400686
0.801,9,2,34,59,0.7906976744186046,0.03278688524590164,0.01902706824247045
0.802,9,2,34,59,0.7906976744186046,0.03278688524590164,0.01902706824247045
0.803,8,2,35,59,0.813953488372093,0.03278688524590164,0.01949218452154022
0.804,8,2,35,59,0.813953488372093,0.03278688524590164,0.01949218452154022
0.805,8,2,35,59,0.813953488372093,0.03278688524590164,0.01949218452154022
0.806,8,1,35,60,0.813953488372093,0.01639344262295082,0.017885627144491042
0.807,8,1,35,60,0.813953488372093,0.01639344262295082,0.017885627144491042
0.808,8,1,35,60,0.813953488372093,0.01639344262295082,0.017885627144491042
0.809,8,1,35,60,0.813953488372093,0.01639344262295082,0.017885627144491042
0.81,8,1,35,60,0.813953488372093,0.01639344262295082,0.017885627144491042
0.811,8,1,35,60,0.813953488372093,0.01639344262295082,0.017885627144491042
0.812,8,1,35,60,0.813953488372093,0.01639344262295082,0.017885627144491042
0.813,7,1,36,60,0.8372093023255814,0.01639344262295082,0.01835074342356081
0.814,7,1,36,60,0.8372093023255814,0.01639344262295082,0.01835074342356081
0.815,7,1,36,60,0.8372093023255814,0.01639344262295082,0.01835074342356081
0.816,7,1,36,60,0.8372093023255814,0.01639344262295082,0.01835074342356081
0.817,7,1,36,60,0.8372093023255814,0.01639344262295082,0.01835074342356081
0.818,7,1,36,60,0.8372093023255814,0.01639344262295082,0.01835074342356081
0.819,7,1,36,60,0.8372093023255814,0.01639344262295082,0.01835074342356081
0.82,7,1,36,60,0.8372093023255814,0.01639344262295082,0.01835074342356081
0.821,7,1,36,60,0.8372093023255814,0.01639344262295082,0.01835074342356081
0.822,7,1,36,60,0.8372093023255814,0.01639344262295082,0.01835074342356081
0.823,7,1,36,60,0.8372093023255814,0.01639344262295082,0.01835074342356081
0.824,6,1,37,60,0.8604651162790697,0.01639344262295082,0.018815859702630576
0.825,6,1,37,60,0.8604651162790697,0.01639344262295082,0.018815859702630576
0.826,5,1,38,60,0.8837209302325582,0.01639344262295082,0.019280975981700345
0.827,4,1,39,60,0.9069767441860465,0.01639344262295082,0.01974609226077011
0.828,4,1,39,60,0.9069767441860465,0.01639344262295082,0.01974609226077011
0.829,4,1,39,60,0.9069767441860465,0.01639344262295082,0.01974609226077011
0.83,4,1,39,60,0.9069767441860465,0.01639344262295082,0.01974609226077011
0.831,4,1,39,60,0.9069767441860465,0.01639344262295082,0.01974609226077011
0.832,4,1,39,60,0.9069767441860465,0.01639344262295082,0.01974609226077011
0.833,4,1,39,60,0.9069767441860465,0.01639344262295082,0.01974609226077011
0.834,4,0,39,61,0.9069767441860465,0.0,0.01813953488372093
0.835,4,0,39,61,0.9069767441860465,0.0,0.01813953488372093
0.836,4,0,39,61,0.9069767441860465,0.0,0.01813953488372093
0.837,4,0,39,61,0.9069767441860465,0.0,0.01813953488372093
0.838,4,0,39,61,0.9069767441860465,0.0,0.01813953488372093
0.839,4,0,39,61,0.9069767441860465,0.0,0.01813953488372093
0.84,4,0,39,61,0.9069767441860465,0.0,0.01813953488372093
0.841,4,0,39,61,0.9069767441860465,0.0,0.01813953488372093
0.842,4,0,39,61,0.9069767441860465,0.0,0.01813953488372093
0.843,4,0,39,61,0.9069767441860465,0.0,0.01813953488372093
0.844,4,0,39,61,0.9069767441860465,0.0,0.01813953488372093
0.845,4,0,39,61,0.9069767441860465,0.0,0.01813953488372093
0.846,4,0,39,61,0.9069767441860465,0.0,0.01813953488372093
0.847,4,0,39,61,0.9069767441860465,0.0,0.01813953488372093
0.848,4,0,39,61,0.9069767441860465,0.0,0.01813953488372093
0.849,4,0,39,61,0.9069767441860465,0.0,0.01813953488372093
0.85,4,0,39,61,0.9069767441860465,0.0,0.01813953488372093
0.851,4,0,39,61,0.9069767441860465,0.0,0.01813953488372093
0.852,4,0,39,61,0.9069767441860465,0.0,0.01813953488372093
0.853,4,0,39,61,0.9069767441860465,0.0,0.01813953488372093
0.854,4,0,39,61,0.9069767441860465,0.0,0.01813953488372093
0.855,4,0,39,61,0.9069767441860465,0.0,0.01813953488372093
0.856,4,0,39,61,0.9069767441860465,0.0,0.01813953488372093
0.857,4,0,39,61,0.9069767441860465,0.0,0.01813953488372093
0.858,4,0,39,61,0.9069767441860465,0.0,0.01813953488372093
0.859,4,0,39,61,0.9069767441860465,0.0,0.01813953488372093
0.86,4,0,39,61,0.9069767441860465,0.0,0.01813953488372093
0.861,4,0,39,61,0.9069767441860465,0.0,0.01813953488372093
0.862,4,0,39,61,0.9069767441860465,0.0,0.01813953488372093
0.863,4,0,39,61,0.9069767441860465,0.0,0.01813953488372093
0.864,4,0,39,61,0.9069767441860465,0.0,0.01813953488372093
0.865,4,0,39,61,0.9069767441860465,0.0,0.01813953488372093
0.866,4,0,39,61,0.9069767441860465,0.0,0.01813953488372093
0.867,4,0,39,61,0.9069767441860465,0.0,0.01813953488372093
0.868,4,0,39,61,0.9069767441860465,0.0,0.01813953488372093
0.869,4,0,39,61,0.9069767441860465,0.0,0.01813953488372093
0.87,4,0,39,61,0.9069767441860465,0.0,0.01813953488372093
0.871,4,0,39,61,0.9069767441860465,0.0,0.01813953488372093
0.872,4,0,39,61,0.9069767441860465,0.0,0.01813953488372093
0.873,4,0,39,61,0.9069767441860465,0.0,0.01813953488372093
0.874,4,0,39,61,0.9069767441860465,0.0,0.01813953488372093
0.875,4,0,39,61,0.9069767441860465,0.0,0.01813953488372093
0.876,4,0,39,61,0.9069767441860465,0.0,0.01813953488372093
0.877,4,0,39,61,0.9069767441860465,0.0,0.01813953488372093
0.878,4,0,39,61,0.9069767441860465,0.0,0.01813953488372093
0.879,4,0,39,61,0.9069767441860465,0.0,0.01813953488372093
0.88,4,0,39,61,0.9069767441860465,0.0,0.01813953488372093
0.881,4,0,39,61,0.9069767441860465,0.0,0.01813953488372093
0.882,4,0,39,61,0.9069767441860465,0.0,0.01813953488372093
0.883,4,0,39,61,0.9069767441860465,0.0,0.01813953488372093
0.884,4,0,39,61,0.9069767441860465,0.0,0.01813953488372093
0.885,4,0,39,61,0.9069767441860465,0.0,0.01813953488372093
0.886,4,0,39,61,0.9069767441860465,0.0,0.01813953488372093
0.887,4,0,39,61,0.9069767441860465,0.0,0.01813953488372093
0.888,4,0,39,61,0.9069767441860465,0.0,0.01813953488372093
0.889,3,0,40,61,0.9302325581395349,0.0,0.018604651162790697
0.89,2,0,41,61,0.9534883720930233,0.0,0.019069767441860466
0.891,2,0,41,61,0.9534883720930233,0.0,0.019069767441860466
0.892,2,0,41,61,0.9534883720930233,0.0,0.019069767441860466
0.893,2,0,41,61,0.9534883720930233,0.0,0.019069767441860466
0.894,2,0,41,61,0.9534883720930233,0.0,0.019069767441860466
0.895,2,0,41,61,0.9534883720930233,0.0,0.019069767441860466
0.896,2,0,41,61,0.9534883720930233,0.0,0.019069767441860466
0.897,2,0,41,61,0.9534883720930233,0.0,0.019069767441860466
0.898,2,0,41,61,0.9534883720930233,0.0,0.019069767441860466
0.899,2,0,41,61,0.9534883720930233,0.0,0.019069767441860466
0.9,2,0,41,61,0.9534883720930233,0.0,0.019069767441860466
0.901,2,0,41,61,0.9534883720930233,0.0,0.019069767441860466
0.902,2,0,41,61,0.9534883720930233,0.0,0.019069767441860466
0.903,2,0,41,61,0.9534883720930233,0.0,0.019069767441860466
0.904,2,0,41,61,0.9534883720930233,0.0,0.019069767441860466
0.905,2,0,41,61,0.9534883720930233,0.0,0.019069767441860466
0.906,2,0,41,61,0.9534883720930233,0.0,0.019069767441860466
0.907,2,0,41,61,0.9534883720930233,0.0,0.019069767441860466
0.908,2,0,41,61,0.9534883720930233,0.0,0.019069767441860466
0.909,2,0,41,61,0.9534883720930233,0.0,0.019069767441860466
0.91,2,0,41,61,0.9534883720930233,0.0,0.019069767441860466
0.911,1,0,42,61,0.9767441860465116,0.0,0.01953488372093023
0.912,1,0,42,61,0.9767441860465116,0.0,0.01953488372093023
0.913,1,0,42,61,0.9767441860465116,0.0,0.01953488372093023
0.914,1,0,42,61,0.9767441860465116,0.0,0.01953488372093023
0.915,1,0,42,61,0.9767441860465116,0.0,0.01953488372093023
0.916,1,0,42,61,0.9767441860465116,0.0,0.01953488372093023
0.917,1,0,42,61,0.9767441860465116,0.0,0.01953488372093023
0.918,1,0,42,61,0.9767441860465116,0.0,0.01953488372093023
0.919,1,0,42,61,0.9767441860465116,0.0,0.01953488372093023
0.92,1,0,42,61,0.9767441860465116,0.0,0.01953488372093023
0.921,1,0,42,61,0.9767441860465116,0.0,0.01953488372093023
0.922,1,0,42,61,0.9767441860465116,0.0,0.01953488372093023
0.923,1,0,42,61,0.9767441860465116,0.0,0.01953488372093023
0.924,1,0,42,61,0.9767441860465116,0.0,0.01953488372093023
0.925,1,0,42,61,0.9767441860465116,0.0,0.01953488372093023
0.926,1,0,42,61,0.9767441860465116,0.0,0.01953488372093023
0.927,0,0,43,61,1.0,0.0,0.02
0.928,0,0,43,61,1.0,0.0,0.02
0.929,0,0,43,61,1.0,0.0,0.02
0.93,0,0,43,61,1.0,0.0,0.02
0.931,0,0,43,61,1.0,0.0,0.02
0.932,0,0,43,61,1.0,0.0,0.02
0.933,0,0,43,61,1.0,0.0,0.02
0.934,0,0,43,61,1.0,0.0,0.02
0.935,0,0,43,61,1.0,0.0,0.02
0.936,0,0,43,61,1.0,0.0,0.02
0.937,0,0,43,61,1.0,0.0,0.02
0.938,0,0,43,61,1.0,0.0,0.02
0.939,0,0,43,61,1.0,0.0,0.02
0.94,0,0,43,61,1.0,0.0,0.02
0.941,0,0,43,61,1.0,0.0,0.02
0.942,0,0,43,61,1.0,0.0,0.02
0.943,0,0,43,61,1.0,0.0,0.02
0.944,0,0,43,61,1.0,0.0,0.02
0.945,0,0,43,61,1.0,0.0,0.02
0.946,0,0,43,61,1.0,0.0,0.02
0.947,0,0,43,61,1.0,0.0,0.02
0.948,0,0,43,61,1.0,0.0,0.02
0.949,0,0,43,61,1.0,0.0,0.02
0.95,0,0,43,61,1.0,0.0,0.02
0.951,0,0,43,61,1.0,0.0,0.02
0.952,0,0,43,61,1.0,0.0,0.02
0.953,0,0,43,61,1.0,0.0,0.02
0.954,0,0,43,61,1.0,0.0,0.02
0.955,0,0,43,61,1.0,0.0,0.02
0.956,0,0,43,61,1.0,0.0,0.02
0.957,0,0,43,61,1.0,0.0,0.02
0.958,0,0,43,61,1.0,0.0,0.02
0.959,0,0,43,61,1.0,0.0,0.02
0.96,0,0,43,61,1.0,0.0,0.02
0.961,0,0,43,61,1.0,0.0,0.02
0.962,0,0,43,61,1.0,0.0,0.02
0.963,0,0,43,61,1.0,0.0,0.02
0.964,0,0,43,61,1.0,0.0,0.02
0.965,0,0,43,61,1.0,0.0,0.02
0.966,0,0,43,61,1.0,0.0,0.02
0.967,0,0,43,61,1.0,0.0,0.02
0.968,0,0,43,61,1.0,0.0,0.02
0.969,0,0,43,61,1.0,0.0,0.02
0.97,0,0,43,61,1.0,0.0,0.02
0.971,0,0,43,61,1.0,0.0,0.02
0.972,0,0,43,61,1.0,0.0,0.02
0.973,0,0,43,61,1.0,0.0,0.02
0.974,0,0,43,61,1.0,0.0,0.02
0.975,0,0,43,61,1.0,0.0,0.02
0.976,0,0,43,61,1.0,0.0,0.02
0.977,0,0,43,61,1.0,0.0,0.02
0.978,0,0,43,61,1.0,0.0,0.02
0.979,0,0,43,61,1.0,0.0,0.02
0.98,0,0,43,61,1.0,0.0,0.02
0.981,0,0,43,61,1.0,0.0,0.02
0.982,0,0,43,61,1.0,0.0,0.02
0.983,0,0,43,61,1.0,0.0,0.02
0.984,0,0,43,61,1.0,0.0,0.02
0.985,0,0,43,61,1.0,0.0,0.02
0.986,0,0,43,61,1.0,0.0,0.02
0.987,0,0,43,61,1.0,0.0,0.02
0.988,0,0,43,61,1.0,0.0,0.02
0.989,0,0,43,61,1.0,0.0,0.02
0.99,0,0,43,61,1.0,0.0,0.02
0.991,0,0,43,61,1.0,0.0,0.02
0.992,0,0,43,61,1.0,0.0,0.02
0.993,0,0,43,61,1.0,0.0,0.02
0.994,0,0,43,61,1.0,0.0,0.02
0.995,0,0,43,61,1.0,0.0,0.02
0.996,0,0,43,61,1.0,0.0,0.02
0.997,0,0,43,61,1.0,0.0,0.02
0.998,0,0,43,61,1.0,0.0,0.02
0.999,0,0,43,61,1.0,0.0,0.02
1.0,0,0,43,61,1.0,0.0,0.02
